franshalsema19391984,Frans hals human 1939 - 1984,Frans hals human 1939 to 1984,France health human 1939 - 1984,Frans hals humit 1939 - 1984,Frans hals humid 1939 to 1984,Frans hals humit 1939 to 1984,France health human 1939 to 1984,trans health human 1939 - 1984,France held human 1939 - 1984,Frans hals humid 1939 - 1984,France held human 1939 to 1984,trans health human 1939 to 1984,friend pal human 1939 - 1984,France hail human 1939 - 1984,Frans hals Hewitt 1939 - 1984,France held humid 1939 to 1984,friend pal human 1939 to 1984,friends health human 1939 - 1984,France help human 1939 - 1984,transhuman 1939 to 1984,Frans hals human 1939 - 1984,Frans hals human 1939 to 1984,France health human 1939 - 1984,Frans hals humit 1939 - 1984,Frans hals humid 1939 to 1984,Frans hals humit 1939 to 1984,France health human 1939 to 1984,trans health human 1939 - 1984,France held human 1939 - 1984,Frans hals humid 1939 - 1984,France held human 1939 to 1984,trans health human 1939 to 1984,friend pal human 1939 - 1984,France hail human 1939 - 1984,Frans hals Hewitt 1939 - 1984,France held humid 1939 to 1984,friend pal human 1939 to 1984,friends health human 1939 - 1984,France help human 1939 - 1984,transhuman 1939 to 1984
novacancywithsebastinyatra,No Vacancy with Sebastian yatra,No Vacancy with Sebastian yatra
hitarchieftop2000vol4,top 2000 Vol 4,top 2000 Volume 4,top two thousand Volume 4,top 2000 volume four,top mm Volume 4,top 2000 volume for,stop 2000 Volume 4,stop 2000 Vol 4,top two thousand volume four,top mm volume four,top two thousand Vol 4,top mm Vol 4,top 2000 Vol for,top mm volume for,Sturgis top 2000 Volume 4,top 2000 Vol 4,top 2000 Volume 4,top two thousand Volume 4,top 2000 volume four,top mm Volume 4,top 2000 volume for,stop 2000 Volume 4,stop 2000 Vol 4,top two thousand volume four,top mm volume four,top two thousand Vol 4,top mm Vol 4,top 2000 Vol for,top mm volume for,Sturgis top 2000 Volume 4
alexandriealexandraeve,Alexandra Alexandra,alexandrie Alexandra,Alexandria Alexandria,Alexandra Alexandra,alexandrie Alexandra,Alexandria Alexandria
diegoeieouwetijdtop100,WWE top 100,WWE tijd top 100,WWE JD top 100,wwjd top 100,WWE did top 100,Daigo uwti JD top 100,WWE jada top 100,Daigo UWE top 100,Geico uwti JD top 100,Geico UWE top 100,tiger uwti JD top 100,WWE top 100,WWE tijd top 100,WWE JD top 100,wwjd top 100,WWE did top 100,Daigo uwti JD top 100,WWE jada top 100,Daigo UWE top 100,Geico uwti JD top 100,Geico UWE top 100,tiger uwti JD top 100
badandboujeefeatliluzivert,bad and boujee Lil Uzi vert,bad & boujee Lil Uzi vert,bad and boujee Lil Uzi vert,bad & boujee Lil Uzi vert
loktownhilife,Blacktown High Life,Blacktown Hi-Life,black Town High Life,Blacktown hi life,Blacktown highlife,Blacktown highlights,black Town highlife,black Town hi life,black Towne High Life,Blacktown high-life,black Town Hi-Life,black Town highlights,Blacktown Hai life,Blacktown High Life,Blacktown Hi-Life,black Town High Life,Blacktown hi life,Blacktown highlife,Blacktown highlights,black Town highlife,black Town hi life,black Towne High Life,Blacktown high-life,black Town Hi-Life,black Town highlights,Blacktown Hai life
joeshitarchieftop2000vol5,just hit our chief top 2000 Vol 5,just hit her chip top 2000 Vol 5,just hit our chief top 2000 Volume 5,just hit archief Top 2000 Vol 5,just hit our chief top 2000 volume Five,just hit a chip top 2000 Vol 5,just hit our chief top two thousand volume Five,just hit our chief top two thousand Volume 5,just hit Arch if top 2000 Vol 5,just hit our chief top mm Volume 5,just hit archtop 2000 Vol 5,just hit her chip top 2000 Volume 5,just hit archief Top 2000 Volume 5,just hit our chief top mm volume Five,just hit her cheek top 2000 Vol 5,just hit her Chief talk 2000 Vol 5,just hit our chief top 2000 Vol 5,just hit her chip top 2000 Vol 5,just hit our chief top 2000 Volume 5,just hit archief Top 2000 Vol 5,just hit our chief top 2000 volume Five,just hit a chip top 2000 Vol 5,just hit our chief top two thousand volume Five,just hit our chief top two thousand Volume 5,just hit Arch if top 2000 Vol 5,just hit our chief top mm Volume 5,just hit archtop 2000 Vol 5,just hit her chip top 2000 Volume 5,just hit archief Top 2000 Volume 5,just hit our chief top mm volume Five,just hit her cheek top 2000 Vol 5,just hit her Chief talk 2000 Vol 5
ispyfeatlilyachty,Lil yachty,Lil yatchy,Lil yachty,Lil yatchy
sobreelamorysusefectossecundariosyunascuantascosasmsedicinespecial,sobre El Amor y units wanted a Tatiana special,sobre El Amor y secundarios why you wanted a Tatiana special,sobre El Amor y units wanted a Tatyana special,sobre El Amor y unit wanted a Tatiana special,sobre El Amor y secundarios why you wanted a Tatyana special,sobre El Amor y secondary I units wanted a Tatiana special,sober La more y units wanted a Tatiana special,sober La more why units wanted a Tatiana special,sobre El Amor y Eunice wanted a Tatiana special,sobre El Amor why units wanted a Tatiana special,sobre lame or why units wanted a Tatiana special,sobre El Amor y unit wanted a Tatyana special,sobre lame or Y units wanted a Tatiana special,sober La more why units wanted a Tatyana special,sobre El Amor y units wanted a Tatiyana special,sobre El Amor y Eunice wanted a Tatyana special,sober a lame or why units wanted a Tatiana special,sobre El Amor y units wanted at at The Unofficial,sober El Amor y units wanted a Tatiana special,sober La more why unit wanted a Tatiana special,sobre El Amor y units wanted a Tatiana special,sobre El Amor y secundarios why you wanted a Tatiana special,sobre El Amor y units wanted a Tatyana special,sobre El Amor y unit wanted a Tatiana special,sobre El Amor y secundarios why you wanted a Tatyana special,sobre El Amor y secondary I units wanted a Tatiana special,sober La more y units wanted a Tatiana special,sober La more why units wanted a Tatiana special,sobre El Amor y Eunice wanted a Tatiana special,sobre El Amor why units wanted a Tatiana special,sobre lame or why units wanted a Tatiana special,sobre El Amor y unit wanted a Tatyana special,sobre lame or Y units wanted a Tatiana special,sober La more why units wanted a Tatyana special,sobre El Amor y units wanted a Tatiyana special,sobre El Amor y Eunice wanted a Tatyana special,sober a lame or why units wanted a Tatiana special,sobre El Amor y units wanted at at The Unofficial,sober El Amor y units wanted a Tatiana special,sober La more why unit wanted a Tatiana special
lacamisanegra,camisa Negra,what camisa Negra,but camisa Negra,mutt camisa Negra,butt camisa Negra,camisa Negra,what camisa Negra,but camisa Negra,mutt camisa Negra,butt camisa Negra
onthe6,contacts,on Deck,unfixed,unstick,context,text,contact,unpick,stick,armstech,unpack,on fixed,contech,sex,on thick,ontic,on Stick,on fix,Arabic,contacts,on Deck,unfixed,unstick,context,text,contact,unpick,stick,armstech,unpack,on fixed,contech,sex,on thick,ontic,on Stick,on fix,Arabic
astateoftrancetop20januaryfebruary2017includingclassicbonustrack,State of Trance top 20 January February 2017 including classic bonus track,State of Trance top twenty January February 2017 including classic bonus track,State of Trance top-20 January February 2017 including classic bonus track,State of Trance top 20 januari February 2017 including classic bonus track,State of Trance top 20 January February 2017 including klassic bonus track,State of Trance top 20 January February 2017 including klasek bonus track,State of Trance top 20 January February 2017 in cluding classic bonus track,State of Trance top 20 januari February 2017 including klassic bonus track,State of Trance top twenty January February 2017 including klassic bonus track,State of Trance top twenty January February 2017 including klasek bonus track,State of Trance top 20 januari February 2017 including klasek bonus track,State of Trance top 20 January February 2017 including classic bonus track,State of Trance top twenty January February 2017 including classic bonus track,State of Trance top-20 January February 2017 including classic bonus track,State of Trance top 20 januari February 2017 including classic bonus track,State of Trance top 20 January February 2017 including klassic bonus track,State of Trance top 20 January February 2017 including klasek bonus track,State of Trance top 20 January February 2017 in cluding classic bonus track,State of Trance top 20 januari February 2017 including klassic bonus track,State of Trance top twenty January February 2017 including klassic bonus track,State of Trance top twenty January February 2017 including klasek bonus track,State of Trance top 20 januari February 2017 including klasek bonus track
levels,level,level
thedefinitive80seighties,the definitive 80s,the definitive eighties,the definitive ATS,the definitive 80's,the definitive 80,the definitive a tease,the definitive,definitive,the definitive ad,the definitive aytes,the definitive 80 s,the definitive 88,the definitive ATM,affinitive 80s,the definitive a t s,the definitive 80s,the definitive eighties,the definitive ATS,the definitive 80's,the definitive 80,the definitive a tease,the definitive,definitive,the definitive ad,the definitive aytes,the definitive 80 s,the definitive 88,the definitive ATM,affinitive 80s,the definitive a t s
doemaardesingles,Delmarva single,Delmar new single,Del Mar the single,Delmar to single,Del Mar the singles,Del Mar to single,Del Mar new single,Delmarva singles,Delmar to Fingal,Delmar the single,Delmar de single,Delmar the singles,Delmar to singles,Del Mar to Fingal,Del Mar to singles,Delmar two singles,Del Mar two singles,Delmar de singles,Del Mar two single,Delmar two single,Delmarva single,Delmar new single,Del Mar the single,Delmar to single,Del Mar the singles,Del Mar to single,Del Mar new single,Delmarva singles,Delmar to Fingal,Delmar the single,Delmar de single,Delmar the singles,Delmar to singles,Del Mar to Fingal,Del Mar to singles,Delmar two singles,Del Mar two singles,Delmar de singles,Del Mar two single,Delmar two single
unbesitoms,nvisium,nvisium Ma,Embassy in MA,nvisium ah,Benzema,Nvidia Ma,Embassy Amman,Ben Revere Ma,BMI,emphysema,nvisium are,nvmi,Denver to Yuma,NBC in MA,NBA MA,NBC Yuma,Embassy Yuma,nvisium,nvisium Ma,Embassy in MA,nvisium ah,Benzema,Nvidia Ma,Embassy Amman,Ben Revere Ma,BMI,emphysema,nvisium are,nvmi,Denver to Yuma,NBC in MA,NBA MA,NBC Yuma,Embassy Yuma
thefineartofsurfacing,Define artifice,Define surfacing,Define artifacting,Define surfing,Define art therapy,Define artifact,Define,Define art,Define serf,Define artificer,define surface,Define Arthur,Define surf,Define orifice,Define therapy,Define Surfer,Define artifice,Define surfacing,Define artifacting,Define surfing,Define art therapy,Define artifact,Define,Define art,Define serf,Define artificer,define surface,Define Arthur,Define surf,Define orifice,Define therapy,Define Surfer
pixelinteractionvolume2,pixel interactions name to,pixel interactions lamb to,pixel interactions I'm too,pixel interactions lamb 2,pixel interactions Liam to,pixel interaction Slam 2,pixel interactions name two,pixel interactions name too,pixel interactions Liam 2,pixel interactions I'm 2,pixel interactions Lam to,pixel interactions Loom to,pixel interactions Loom 2,pixel interactions 2,pixel interactions lamb two,pixel interactions lamb too,pixel interactions to,text directions to,pixel interactions name 2,pixel interactions Lam 2,pixel interactions name to,pixel interactions lamb to,pixel interactions I'm too,pixel interactions lamb 2,pixel interactions Liam to,pixel interaction Slam 2,pixel interactions name two,pixel interactions name too,pixel interactions Liam 2,pixel interactions I'm 2,pixel interactions Lam to,pixel interactions Loom to,pixel interactions Loom 2,pixel interactions 2,pixel interactions lamb two,pixel interactions lamb too,pixel interactions to,text directions to,pixel interactions name 2,pixel interactions Lam 2
heymawithpitbullandjbalvinfeatcamilacabellospanishversion,a mom with pitbull & J Balvin feat Camila Cabello Spanish version,hey Mom with pitbull & J Balvin feat Camila Cabello Spanish version,hey Mama with pitbull & J Balvin feat Camila Cabello Spanish version,a mom with Pitbull and Jai Balvin feat Camila Cabello Spanish version,a mom with pitbull & J Balvin feat Camila Cabello Spanish version,hey Mom with pitbull & J Balvin feat Camila Cabello Spanish version,hey Mama with pitbull & J Balvin feat Camila Cabello Spanish version,a mom with Pitbull and Jai Balvin feat Camila Cabello Spanish version
inliebemeineschnstenballaden,and leave Johnston,and leave,and leave Johnston valedon,in leave,in lead,and leave challedon,and leave invalid in,and leave Johnston valid in,in lead Johnston,and leave invalid,and leave fountain,and Lead,and leave it in,and leave salad,and leave salad in,and leave Saladin,and leave in,in lead fountain,in leave fountain,and leave Johnston valid,and leave Johnston,and leave,and leave Johnston valedon,in leave,in lead,and leave challedon,and leave invalid in,and leave Johnston valid in,in lead Johnston,and leave invalid,and leave fountain,and Lead,and leave it in,and leave salad,and leave salad in,and leave Saladin,and leave in,in lead fountain,in leave fountain,and leave Johnston valid
vallenenopstaan,Valentine up done,Valentine up Dunn,Valentin up done,Valentine up dun,Valentin up Dunn,Valentin up dun,melanin up done,Valentine up Donne,Valentine up Thun,Valentine up Don,Valentine up Dunne,Valentine up son,Valentin up Thun,Valentine Upton,Saladin up done,Valentin up Dunne,Valentin up Don,Valentin up Donne,melanin up Dunn,Valentine up Dan,Valentine up done,Valentine up Dunn,Valentin up done,Valentine up dun,Valentin up Dunn,Valentin up dun,melanin up done,Valentine up Donne,Valentine up Thun,Valentine up Don,Valentine up Dunne,Valentine up son,Valentin up Thun,Valentine Upton,Saladin up done,Valentin up Dunne,Valentin up Don,Valentin up Donne,melanin up Dunn,Valentine up Dan
andereliga,and dearly.,dear leader,dearly.,and dear leader,and your leader,deer leader,endear leader,send dearly.,dearly,band dearly.,and dearly,end dearly.,and to your leader,your leader,dear Liga,stand dearly.,sand dearly.,deer Liga,send your leader,and dearly.,dear leader,dearly.,and dear leader,and your leader,deer leader,endear leader,send dearly.,dearly,band dearly.,and dearly,end dearly.,and to your leader,your leader,dear Liga,stand dearly.,sand dearly.,deer Liga,send your leader
hetbestevanguusmeeuwis,head back the Vanguard mirror,head back the Vanguard Muir,put back the Vanguard mirror,set back the Vanguard mirror,Pet Vet the Vanguard mirror,head back the van guard mirror,put that the Vanguard mirror,petvet the Vanguard mirror,head back the Vanguard Mira,pet bed the Vanguard mirror,put back the Vanguard Muir,setback the Vanguard mirror,head back the Vanguard mura,pet that the Vanguard mirror,head back the van guard Muir,set back the Vanguard Muir,head back the Vanguard Muro,take back the Vanguard mirror,Pet Vet the Vanguard Muir,petvet the Vanguard Muir,head back the Vanguard mirror,head back the Vanguard Muir,put back the Vanguard mirror,set back the Vanguard mirror,Pet Vet the Vanguard mirror,head back the van guard mirror,put that the Vanguard mirror,petvet the Vanguard mirror,head back the Vanguard Mira,pet bed the Vanguard mirror,put back the Vanguard Muir,setback the Vanguard mirror,head back the Vanguard mura,pet that the Vanguard mirror,head back the van guard Muir,set back the Vanguard Muir,head back the Vanguard Muro,take back the Vanguard mirror,Pet Vet the Vanguard Muir,petvet the Vanguard Muir
hetbestevankleinorkest,head back the van Klein Orchid,put back the van Klein Orchid,set back the van Klein Orchid,pet bath of incline Orcutt,pet bath of incline orchid,head bathtub and Klein Orchid,take back the van Klein Orchid,Pet Vet the van Klein Orchid,head back the van Klein Orcutt,pet bathtub and Klein Orchid,pet bath of incline Orkut,hit back the van Klein Orchid,put that the van Klein Orchid,head back the van Cline Orcutt,pet bath tub and Klein Orchid,pet bath of an Klein Orchid,petvet the van Klein Orchid,pet bed the van Klein Orchid,head back the band Klein Orchid,put the van Klein Orchid,head back the van Klein Orchid,put back the van Klein Orchid,set back the van Klein Orchid,pet bath of incline Orcutt,pet bath of incline orchid,head bathtub and Klein Orchid,take back the van Klein Orchid,Pet Vet the van Klein Orchid,head back the van Klein Orcutt,pet bathtub and Klein Orchid,pet bath of incline Orkut,hit back the van Klein Orchid,put that the van Klein Orchid,head back the van Cline Orcutt,pet bath tub and Klein Orchid,pet bath of an Klein Orchid,petvet the van Klein Orchid,pet bed the van Klein Orchid,head back the band Klein Orchid,put the van Klein Orchid
legustaelvacile,Magoo's Dale vassal,mcgoo's bail vassal,Magoo's Dale vassell,mcgoo's bail vassel,mcgoo's bail vasel,Magoo's Dale vasel,Magoo's Dale vassel,Magoo's Dale vasil,Magoo's tail vassal,mcgoo's bail vassell,mcgoo's bail vasil,Magoo's Dale vasyl,mcgoo's bail vasyl,Magoo's tale vassal,Magoo's Dale vasal,Magoo's Dale vessel,Magoo's Dale vassall,Magoo's stale vassal,Magoo's tail vassel,mcgoo's bail vasal,Magoo's Dale vassal,mcgoo's bail vassal,Magoo's Dale vassell,mcgoo's bail vassel,mcgoo's bail vasel,Magoo's Dale vasel,Magoo's Dale vassel,Magoo's Dale vasil,Magoo's tail vassal,mcgoo's bail vassell,mcgoo's bail vasil,Magoo's Dale vasyl,mcgoo's bail vasyl,Magoo's tale vassal,Magoo's Dale vasal,Magoo's Dale vessel,Magoo's Dale vassall,Magoo's stale vassal,Magoo's tail vassel,mcgoo's bail vasal
anti,Daddy,candy,Sandy,Andy,Bandy,Dandy,Mandy,Randy,ND,Gandy,bandi,Sandi,Brandy,endi,Wendy,mandee,Tandy,handy,Mandi,Daddy,candy,Sandy,Andy,Bandy,Dandy,Mandy,Randy,ND,Gandy,bandi,Sandi,Brandy,endi,Wendy,mandee,Tandy,handy,Mandi
qudateconmigo,conmigo,JJ's conmigo,JJ conmigo,KJ conmigo,KJ's conmigo,AJ conmigo,Play Jake Owen video,JDate conmigo,AJ's conmigo,KDAY conmigo,kjzz conmigo,payday conmigo,k-days conmigo,AJ's Towing Mingo,Jade conmigo,Jake Owen video,AJ's Towing me go,Cade conmigo,cage conmigo,play conmigo,conmigo,JJ's conmigo,JJ conmigo,KJ conmigo,KJ's conmigo,AJ conmigo,Play Jake Owen video,JDate conmigo,AJ's conmigo,KDAY conmigo,kjzz conmigo,payday conmigo,k-days conmigo,AJ's Towing Mingo,Jade conmigo,Jake Owen video,AJ's Towing me go,Cade conmigo,cage conmigo,play conmigo
ledzeppeliniii,Led Zeppelin e,Led Zeppelin,Led Zeppelin d,Led Zeppelin eeee,Led Zeppelin me,Led Zeppelin knee,Led Zeppelin eat,Led Zepplin e,Led Zepplin,Led Zeppelin e,Led Zeppelin,Led Zeppelin d,Led Zeppelin eeee,Led Zeppelin me,Led Zeppelin knee,Led Zeppelin eat,Led Zepplin e,Led Zepplin
grrrdeluxeversion,deluxe version,deluxe version
theheist
bigtunesback2the80s,big Tunes back to the,big dude back to the,big dudes back to the,big Tunes back to the eighties,big Tunes back to the 80,big dude back to the eighties,Pig Dude back to the,big dude back to the 80,big Dune back to the,big back to the,big dudes back to the eighties,big Toons back to the,big tune back to the,back to the,big dudes back to the 80,big Tunes back to the 8,big Tunes back to the 80s,big Tunes back to the ATM,big Tunes back to the Y,big Tunes back to the A-Team,big Tunes back to the,big dude back to the,big dudes back to the,big Tunes back to the eighties,big Tunes back to the 80,big dude back to the eighties,Pig Dude back to the,big dude back to the 80,big Dune back to the,big back to the,big dudes back to the eighties,big Toons back to the,big tune back to the,back to the,big dudes back to the 80,big Tunes back to the 8,big Tunes back to the 80s,big Tunes back to the ATM,big Tunes back to the Y,big Tunes back to the A-Team
bestofproudmary,fact of Proud Mary,back to Proud Mary,backed of Proud Mary,fact of Proud Mary,back to Proud Mary,backed of Proud Mary
waarisdafeestje5,where is Duffy's J5,where is Duffy's J V,where is Duffy's J 5,where is Duffy's j five,where is Duffy's Jay 5,where is Duffy's Jay V,where is daffy's J5,where is Duffy's Jay five,where is Duffy's Jey v,where is Duffys J5,where is duffie's J5,why are is Duffy's J5,where is Duffy's J5,where is Duffy's J V,where is Duffy's J 5,where is Duffy's j five,where is Duffy's Jay 5,where is Duffy's Jay V,where is daffy's J5,where is Duffy's Jay five,where is Duffy's Jey v,where is Duffys J5,where is duffie's J5,why are is Duffy's J5
hola
heathens
thebestbettedeluxeinternationalversion,the best buddies international version,the best buddy international version,the best Betty Deluxe international version,the best Betty the international version,the best Betty international version,the best bedi international version,the best buddy Deluxe international version,the bats Betty international version,the best bet international version,the bats Betty Deluxe international version,the bats bedi international version,the best bedding international version,the bats Betty the international version,the back Betty international version,the back bedi international version,the best buddy the international version,the best bed international version,the best international version,the back Betty the international version,the best Betty's international version,the best buddies international version,the best buddy international version,the best Betty Deluxe international version,the best Betty the international version,the best Betty international version,the best bedi international version,the best buddy Deluxe international version,the bats Betty international version,the best bet international version,the bats Betty Deluxe international version,the bats bedi international version,the best bedding international version,the bats Betty the international version,the back Betty international version,the back bedi international version,the best buddy the international version,the best bed international version,the best international version,the back Betty the international version,the best Betty's international version
topcollectiejaren80vol2,turn up the volume 2,turn up the volume to,top collected Darren ad volume 2,turn up the volume two,top collected Jaron ad volume 2,top collected 80 volume 2,top collected jaryn ad volume 2,top collected Aaron ad volume 2,text message Aaron ad volume 2,top collected Jaren 80 volume 2,text message Erin ad volume 2,turn up the Jaron ad volume 2,top collected Aaron 80 volume 2,top collected 80 Vol 2,top collected Erin ad volume 2,top collected Jarren ad volume 2,top collected Darren 80 volume 2,top collected Jaren ad volume 2,top collected Darren ad Vol 2,top collected Jaron 80 volume 2,turn up the volume 2,turn up the volume to,top collected Darren ad volume 2,turn up the volume two,top collected Jaron ad volume 2,top collected 80 volume 2,top collected jaryn ad volume 2,top collected Aaron ad volume 2,text message Aaron ad volume 2,top collected Jaren 80 volume 2,text message Erin ad volume 2,turn up the Jaron ad volume 2,top collected Aaron 80 volume 2,top collected 80 Vol 2,top collected Erin ad volume 2,top collected Jarren ad volume 2,top collected Darren 80 volume 2,top collected Jaren ad volume 2,top collected Darren ad Vol 2,top collected Jaron 80 volume 2
kayleighandtheessentialmarillioncollection,Kaylee and essential Marillion collection,Kayleigh and essential Marillion collection,Kaley and essential Marillion collection,Kaley India Special Marillion collection,Kayleigh India Special Marillion collection,Kaylee India Special Marillion collection,Kaylie India Special Marillion collection,Kaely and essential Marillion collection,Kailey and essential Marillion collection,Haley India Special Marillion collection,Kaylie and essential Marillion collection,Haley and essential Marillion collection,daily and essential Marillion collection,Kaley invention Marillion collection,Kaley India Central Marillion collection,Kayleigh India Central Marillion collection,daily India Special Marillion collection,Kaylee ND Essentia Marillion collection,alien denchel Marillion collection,Kaylee and denchel Marillion collection,Kaylee and essential Marillion collection,Kayleigh and essential Marillion collection,Kaley and essential Marillion collection,Kaley India Special Marillion collection,Kayleigh India Special Marillion collection,Kaylee India Special Marillion collection,Kaylie India Special Marillion collection,Kaely and essential Marillion collection,Kailey and essential Marillion collection,Haley India Special Marillion collection,Kaylie and essential Marillion collection,Haley and essential Marillion collection,daily and essential Marillion collection,Kaley invention Marillion collection,Kaley India Central Marillion collection,Kayleigh India Central Marillion collection,daily India Special Marillion collection,Kaylee ND Essentia Marillion collection,alien denchel Marillion collection,Kaylee and denchel Marillion collection
thewayiaredancewithsomebody,The Way I Are,the Way You Are,the way our,The Way I Are,the Way You Are,the way our
antideluxe,good luck,and good luck,Auntie good luck,NT good luck,any good luck,Santee good luck,antique good luck,Goodluck,Aunty good luck,Andy good luck,Auntie the luck,the luck,fancy good luck,Antti good luck,NT the luck,bad luck,Santi good luck,panty good luck,any luck,ante good luck,good luck,and good luck,Auntie good luck,NT good luck,any good luck,Santee good luck,antique good luck,Goodluck,Aunty good luck,Andy good luck,Auntie the luck,the luck,fancy good luck,Antti good luck,NT the luck,bad luck,Santi good luck,panty good luck,any luck,ante good luck
sex,stack,stuck,back,sac,sack,suck,sec,SPAC,Sak,stock,stac,Stak,spec,sacc,Shaq,Speck,FAQ,spak,stag,stack,stuck,back,sac,sack,suck,sec,SPAC,Sak,stock,stac,Stak,spec,sacc,Shaq,Speck,FAQ,spak,stag
halloweeniioriginalmotionpicturesoundtrackarobzombiefilmexplicitversion,Halloweenie original motion picture soundtrack Rob Zombie film explicit version,Halloweeny original motion picture soundtrack Rob Zombie film explicit version,Halloween original motion picture soundtrack Rob Zombie film explicit version,Halloween e original motion picture soundtrack Rob Zombie film explicit version,Halloweenie original motion picture soundtrack zombie film explicit version,Halloweeny original motion picture soundtrack zombie film explicit version,Halloween original motion picture soundtrack zombie film explicit version,Helloween e original motion picture soundtrack Rob Zombie film explicit version,Halloween e original motion picture soundtrack zombie film explicit version,Halloweenie original motion picture soundtrack zombiefilme explicit version,Halloween the original motion picture soundtrack Rob Zombie film explicit version,Halloweeny original motion picture soundtrack zombiefilme explicit version,Halloween original motion picture soundtrack zombiefilme explicit version,Halloween e original motion picture soundtrack zombiefilme explicit version,Helloween e original motion picture soundtrack zombie film explicit version,Halloween the original motion picture soundtrack zombie film explicit version,Helloween e original motion picture soundtrack zombiefilme explicit version,Halloween the original motion picture soundtrack zombiefilme explicit version,Halloweenie original motion picture soundtrack Rob Zombie film explicit version,Halloweeny original motion picture soundtrack Rob Zombie film explicit version,Halloween original motion picture soundtrack Rob Zombie film explicit version,Halloween e original motion picture soundtrack Rob Zombie film explicit version,Halloweenie original motion picture soundtrack zombie film explicit version,Halloweeny original motion picture soundtrack zombie film explicit version,Halloween original motion picture soundtrack zombie film explicit version,Helloween e original motion picture soundtrack Rob Zombie film explicit version,Halloween e original motion picture soundtrack zombie film explicit version,Halloweenie original motion picture soundtrack zombiefilme explicit version,Halloween the original motion picture soundtrack Rob Zombie film explicit version,Halloweeny original motion picture soundtrack zombiefilme explicit version,Halloween original motion picture soundtrack zombiefilme explicit version,Halloween e original motion picture soundtrack zombiefilme explicit version,Helloween e original motion picture soundtrack zombie film explicit version,Halloween the original motion picture soundtrack zombie film explicit version,Helloween e original motion picture soundtrack zombiefilme explicit version,Halloween the original motion picture soundtrack zombiefilme explicit version
theessentialnancysinatra,potential Nancy Sinatra,essential Nancy Sinatra,stencil Nancy Sinatra,potential Nancy Sinatra,essential Nancy Sinatra,stencil Nancy Sinatra
538hitzonebestof2010,538 hits known fact of 2010,538 hits bone fact of 2010,538 hits down fact of 2010,538 hits Zone fact of 2010,538 headstone fact of 2010,538 hits Town fact of 2010,538 hits loan fact of 2010,538 hits on fact of 2010,538 hits Best of 2010,538 hitz known fact of 2010,538 hits Brown fact of 2010,538 hit Stone fact of 2010,538 headphone fact of 2010,538 hits known fact of 2010,538 hits bone fact of 2010,538 hits down fact of 2010,538 hits Zone fact of 2010,538 headstone fact of 2010,538 hits Town fact of 2010,538 hits loan fact of 2010,538 hits on fact of 2010,538 hits Best of 2010,538 hitz known fact of 2010,538 hits Brown fact of 2010,538 hit Stone fact of 2010,538 headphone fact of 2010
538hitzonebestof2012,538 hits known fact of 2012,538 hits best of 2012,538 hits bone best of 2012,538 hits bone fact of 2012,538 hits down best of 2012,538 hits bound best of 2012,538 hits Zone best of 2012,538 hits bone backed of 2012,538 hits down fact of 2012,538 headstone fact of 2012,538 hits bone back of 2012,538 hits known best of 2012,538 hits known fact of 2012,538 hits best of 2012,538 hits bone best of 2012,538 hits bone fact of 2012,538 hits down best of 2012,538 hits bound best of 2012,538 hits Zone best of 2012,538 hits bone backed of 2012,538 hits down fact of 2012,538 headstone fact of 2012,538 hits bone back of 2012,538 hits known best of 2012
hitbox,Bach,chip Bach,Bok,Starbuck,balk,bock,skipark,skip Bach,Boch,Bak,boc,skip bock,buck,Skippack,stock,chip bock,Hip Hop,lock,Bach,chip Bach,Bok,Starbuck,balk,bock,skipark,skip Bach,Boch,Bak,boc,skip bock,buck,Skippack,stock,chip bock,Hip Hop,lock
heartspeak,heartbeat,heart beat,hartbeat,heartbeat,heart beat,hartbeat
50sand60sbeachparty,fifties and sixties party,party,beach party,just season 16 party,season 16 party,Jessie's Party,16 party,Jesse's party,just season 6 beach party,just teasin 16 party,fifties and sixties beach party,15 party,just party,season 6,just season party,56 beach party,60,just beach party,just season 6,fifties and sixties party,party,beach party,just season 16 party,season 16 party,Jessie's Party,16 party,Jesse's party,just season 6 beach party,just teasin 16 party,fifties and sixties beach party,15 party,just party,season 6,just season party,56 beach party,60,just beach party,just season 6
theessentialbangles,potential bangle,potential bingo,potential Bango,potential bangal,essential Bango,essential bangle,essential Bangles,tential bangle,potential Bengal,stencil bangle,essential bingo,essential bangal,tential Bango,potential bangl,potential bhangle,tential bingo,differential bangle,potential Bengals,potential Banga,potential Bangles,potential bangle,potential bingo,potential Bango,potential bangal,essential Bango,essential bangle,essential Bangles,tential bangle,potential Bengal,stencil bangle,essential bingo,essential bangal,tential Bango,potential bangl,potential bhangle,tential bingo,differential bangle,potential Bengals,potential Banga,potential Bangles
25jaartop40hitsdeel3,25 top 40 hits Deal 3,25 top 40 hits till 3,25 top 40 hits deal three,25 jar top 40 hits till 3,25 jar top 40 hits Deal 3,25 top 40 hits steel 3,25 top 40 hits 03,25 top 40 hit steel 3,25 top 40 hits teal 3,25 jar top 40 hits deal three,25 top 40 hits till three,25 top 40 hit Deal 3,25 jar top 40 hit steel 3,25 top 40 hits steel three,25 top 40 hits Deal 3,25 top 40 hits till 3,25 top 40 hits deal three,25 jar top 40 hits till 3,25 jar top 40 hits Deal 3,25 top 40 hits steel 3,25 top 40 hits 03,25 top 40 hit steel 3,25 top 40 hits teal 3,25 jar top 40 hits deal three,25 top 40 hits till three,25 top 40 hit Deal 3,25 jar top 40 hit steel 3,25 top 40 hits steel three
thesoundofgaruda20092015,the sound of 2009 - 2015,the sound of 2009 to 2015,the sound is grade 2009 - 2015,the sound is grade 2009 to 2015,the sound of grade 2009 - 2015,the sound is 2009 - 2015,the sound of grade 2009 to 2015,the sound is grid 2009 to 2015,the sound as grade 2009 - 2015,the sound as grade 2009 to 2015,the song is 2009 - 2015,the sound of 2009 22015,the sound of 2009 - 2015,the sound of 2009 to 2015,the sound is grade 2009 - 2015,the sound is grade 2009 to 2015,the sound of grade 2009 - 2015,the sound is 2009 - 2015,the sound of grade 2009 to 2015,the sound is grid 2009 to 2015,the sound as grade 2009 - 2015,the sound as grade 2009 to 2015,the song is 2009 - 2015,the sound of 2009 22015
daya
thelongversionspartone,the long version part 1,the long version part one,Salon version part 1,Salon version part one,the long version part 1,the long version part one,Salon version part 1,Salon version part one
rivals
lacolegiala,let's play Glo,let's play jello,Let's Play JLo,let's play giella,let's play GL,let's play Jell-O,let's play g l o,let's play GMO,let's play giello,Play JLo,let's play a g l o,let's play Geo,let's play GLI,let's play Jayla,let's play G Ella,what's Play JLo,let's play jail,Magellan,let's play Gela,let's play gella,let's play Glo,let's play jello,Let's Play JLo,let's play giella,let's play GL,let's play Jell-O,let's play g l o,let's play GMO,let's play giello,Play JLo,let's play a g l o,let's play Geo,let's play GLI,let's play Jayla,let's play G Ella,what's Play JLo,let's play jail,Magellan,let's play Gela,let's play gella
ineedyoufeatolafblackwoodandrewrayelremix,I need you feat Olaf Blackwood remix,I need you feat Olaf Blackwood Andrew remix,I need you feat Olaf Blackwood Andrew mix,I need you feat Olaf Blackwood and remix,I need you feat Olaf Blackwood remix,I need you feat Olaf Blackwood Andrew remix,I need you feat Olaf Blackwood Andrew mix,I need you feat Olaf Blackwood and remix
thegeniusofbuddyhollyvol1,The Genius of Buddy Holly,what's the genius of Buddy Holly,the genius did Buddy Holly,the genius Buddy Holly,The Genius of Buddy Holly I am,the genius it Buddy Holly,the genius good Buddy Holly,suggested Buddy Holly,the genius if Buddy Holly,what's a genius at Buddy Holly,The Genius of Buddy Holly are you,the genius at Buddy Holly,what's a genius if Buddy Holly,the genius that Buddy Holly,the genius and Buddy Holly,the genius is Buddy Holly,a genius at Buddy Holly,the genius did Buddy Holly died in,what's the genius did Buddy Holly,the Geniuses Buddy Holly,The Genius of Buddy Holly,what's the genius of Buddy Holly,the genius did Buddy Holly,the genius Buddy Holly,The Genius of Buddy Holly I am,the genius it Buddy Holly,the genius good Buddy Holly,suggested Buddy Holly,the genius if Buddy Holly,what's a genius at Buddy Holly,The Genius of Buddy Holly are you,the genius at Buddy Holly,what's a genius if Buddy Holly,the genius that Buddy Holly,the genius and Buddy Holly,the genius is Buddy Holly,a genius at Buddy Holly,the genius did Buddy Holly died in,what's the genius did Buddy Holly,the Geniuses Buddy Holly
juangabriel40aniversario,Juan Gabriel 40 on Iver sario,Juan Gabriel 40 Olivares are you,Juan Gabriel 40 Omniverse are you,Juan Gabriel 40 on the Bears are you,Juan Gabriel 40 Omniverse REO,Juan Gabriel 40 Olivares REO,Juan Gabriel 40 only ver sario,Juan Gabriel 40 on Aver sario,Juan Gabriel 40 on Iver sareeo,Juan Gabriel 40 on hiver sario,Juan Gabriel 40 on Iver sorry you,Juan Gabriel 40 Endive Air sario,Juan Gabriel 40 only bears are you,Juan Gabriel 40 Omniverse ru,Juan Gabriel 40 only vert sario,Juan Gabriel 40 on Iver sorry oh,Juan Gabriel 40 Omniverse Ario,Juan Gabriel 40 on Iver sario,Juan Gabriel 40 Olivares are you,Juan Gabriel 40 Omniverse are you,Juan Gabriel 40 on the Bears are you,Juan Gabriel 40 Omniverse REO,Juan Gabriel 40 Olivares REO,Juan Gabriel 40 only ver sario,Juan Gabriel 40 on Aver sario,Juan Gabriel 40 on Iver sareeo,Juan Gabriel 40 on hiver sario,Juan Gabriel 40 on Iver sorry you,Juan Gabriel 40 Endive Air sario,Juan Gabriel 40 only bears are you,Juan Gabriel 40 Omniverse ru,Juan Gabriel 40 only vert sario,Juan Gabriel 40 on Iver sorry oh,Juan Gabriel 40 Omniverse Ario
greatestphatsandsmall,grade basketball,Great Mall,great basketball,basketball,Bassett Mall,Bedford Mall,Branson Mall,braid basketball,Bedford MA,Fashion Mall,great Bedford Mall,great Fashion Mall,great Bedford MA,gray basketball,play basketball,grade Bedford Mall,Great and Small,great Bassett Mall,grey basketball,grade Bedford MA,grade basketball,Great Mall,great basketball,basketball,Bassett Mall,Bedford Mall,Branson Mall,braid basketball,Bedford MA,Fashion Mall,great Bedford Mall,great Fashion Mall,great Bedford MA,gray basketball,play basketball,grade Bedford Mall,Great and Small,great Bassett Mall,grey basketball,grade Bedford MA
batoutofhell,tell,hell,how to tell,Tel,Bell,Patel,the tell,Belle,how,spell,he'll,tell,hell,how to tell,Tel,Bell,Patel,the tell,Belle,how,spell,he'll
20thcenturymastersthemillenniumcollectionbestofthe60s,20th Century Masters the Millennium collection,20th Century Masters the Millennium collection best of the sixties,20th Century Masters the Millennium collection that disease,20th Century Masters the Millennium collection.,20th Century Masters the Millennium collection 16,20th Century Masters the Millennium collection festivities,20th Century Masters the Millennium collection the disease,20th Century Masters the Millennium collection Beth disease,20th Century Masters the Millennium collection best disease,20th Century Masters the Millennium collection bed,20th Century Masters the Millennium collection disease,20th Century Masters the Millennium collection fat disease,20th Century Masters the Millennium collection bat disease,20th Century Masters the Millennium collection bug disease,20th Century Masters the Millennium collection best,20th Century Masters the Millennium collection bed disease,20th Century Masters the Millennium collection. Disease,20th Century Masters the Millennium collection fixed,20th Century Masters the Millennium collection 60,20th Century Masters the Millennium collection Baptist,20th Century Masters the Millennium collection,20th Century Masters the Millennium collection best of the sixties,20th Century Masters the Millennium collection that disease,20th Century Masters the Millennium collection.,20th Century Masters the Millennium collection 16,20th Century Masters the Millennium collection festivities,20th Century Masters the Millennium collection the disease,20th Century Masters the Millennium collection Beth disease,20th Century Masters the Millennium collection best disease,20th Century Masters the Millennium collection bed,20th Century Masters the Millennium collection disease,20th Century Masters the Millennium collection fat disease,20th Century Masters the Millennium collection bat disease,20th Century Masters the Millennium collection bug disease,20th Century Masters the Millennium collection best,20th Century Masters the Millennium collection bed disease,20th Century Masters the Millennium collection. Disease,20th Century Masters the Millennium collection fixed,20th Century Masters the Millennium collection 60,20th Century Masters the Millennium collection Baptist
atributeto1beatleshitsthebestofthebeatles,tribute to number one Beatles hits the best of The Beatles,tribute to number 1 Beatles hit the best of The Beatles,tribute to number 1 Beatles hits the best of The Beatles,tribute to number one Beatles hits the best of the beetle,tribute to number 1 Beatles hit the best of the beetle,tribute to number 1 Beatles hit the best of the beatle,tribute to number one Beatles hits the best of the beatle,tribute to number 1 Beatles hits the best of the beetle,tribute to number 1 Beatles hits the best of the beatle,tribute 2 number 1 Beatles hit the best of The Beatles,tribute 2 number 1 Beatles hits the best of The Beatles,tribute 2 number 1 Beatles hit the best of the beetle,tribute to number one Beatles hits the best of the beetles,tribute to number 1 Beatles hit the best of the beetles,tribute 2 number 1 Beatles hit the best of the beatle,tribute to number 1 Beatles hits the best of the beetles,tribute 2 number 1 Beatles hits the best of the beetle,tribute 2 number 1 Beatles hits the best of the beatle,tribute 2 number 1 Beatles hit the best of the beetles,tribute 2 number 1 Beatles hits the best of the beetles,tribute to number one Beatles hits the best of The Beatles,tribute to number 1 Beatles hit the best of The Beatles,tribute to number 1 Beatles hits the best of The Beatles,tribute to number one Beatles hits the best of the beetle,tribute to number 1 Beatles hit the best of the beetle,tribute to number 1 Beatles hit the best of the beatle,tribute to number one Beatles hits the best of the beatle,tribute to number 1 Beatles hits the best of the beetle,tribute to number 1 Beatles hits the best of the beatle,tribute 2 number 1 Beatles hit the best of The Beatles,tribute 2 number 1 Beatles hits the best of The Beatles,tribute 2 number 1 Beatles hit the best of the beetle,tribute to number one Beatles hits the best of the beetles,tribute to number 1 Beatles hit the best of the beetles,tribute 2 number 1 Beatles hit the best of the beatle,tribute to number 1 Beatles hits the best of the beetles,tribute 2 number 1 Beatles hits the best of the beetle,tribute 2 number 1 Beatles hits the best of the beatle,tribute 2 number 1 Beatles hit the best of the beetles,tribute 2 number 1 Beatles hits the best of the beetles
freischwimmer,swimmer,Brian Schwimmer,Brad swimmer,Brian swimmer,Schwimmer,Bryce Wimmer,Brad Schwimmer,Bremer,Brash Wimmer,fresh Wimmer,brass Wimmer,swimmer,Brian Schwimmer,Brad swimmer,Brian swimmer,Schwimmer,Bryce Wimmer,Brad Schwimmer,Bremer,Brash Wimmer,fresh Wimmer,brass Wimmer
okcomputercollectorsedition,Okay computer collector's edition,Okay computer collectors edition,Okay computer kollector's edition,Okay computer collector's edition,Okay computer collectors edition,Okay computer kollector's edition
masquenada,ma que nada,que nada,my que nada,Matthew nada,Mark que nada,Mock You nada,my cunada,map que nada,MyQ nada,Mark you nada,maku nada,Moc que nada,macku nada,Marc que nada,Mach you nada,La Que nada,mop que nada,Mach que nada,Mike you nada,Mah que nada,ma que nada,que nada,my que nada,Matthew nada,Mark que nada,Mock You nada,my cunada,map que nada,MyQ nada,Mark you nada,maku nada,Moc que nada,macku nada,Marc que nada,Mach you nada,La Que nada,mop que nada,Mach que nada,Mike you nada,Mah que nada
astateoftrance650newhorizonsunmixed,State of Trance 650 New Horizons unmixed,State of Trance 650 New Horizons unmatched,State of Trance 650 New Horizon unmixed,State of Trance 650 New Horizons unmix,State of Trance 650 New Horizons unpacked,State of Trance 650 New Horizon unmatched,State of Trance 650 New Horizons Sun mict,State of Trance 650 New Horizons son necked,State of Trance 650 New Horizons unpakt,State of Trance 650 New Horizons on Mick,State of Trance 650 New Horizon on mict,State of Trance 650 New Horizons on neck,State of Trance 650 New Horizons on mixed,State of Trance 650 New Horizons Sun necked,State of Trance 650 New Horizon unpacked,State of Trance 650 New Horizons son mect,State of Trance 650 New Horizons Sun mect,State of Trance 650 New Horizons sun mix,State of Trance 650 New Horizons on next,State of Trance 650 New Horizons on Mac,State of Trance 650 New Horizons unmixed,State of Trance 650 New Horizons unmatched,State of Trance 650 New Horizon unmixed,State of Trance 650 New Horizons unmix,State of Trance 650 New Horizons unpacked,State of Trance 650 New Horizon unmatched,State of Trance 650 New Horizons Sun mict,State of Trance 650 New Horizons son necked,State of Trance 650 New Horizons unpakt,State of Trance 650 New Horizons on Mick,State of Trance 650 New Horizon on mict,State of Trance 650 New Horizons on neck,State of Trance 650 New Horizons on mixed,State of Trance 650 New Horizons Sun necked,State of Trance 650 New Horizon unpacked,State of Trance 650 New Horizons son mect,State of Trance 650 New Horizons Sun mect,State of Trance 650 New Horizons sun mix,State of Trance 650 New Horizons on next,State of Trance 650 New Horizons on Mac
bonvoyage,voyage,ton voyage,turn voyage,Sun voyage,Don voyage,bone voyage,Voya,Stone voyage,John voyage,dog voyage,on voyage,gun voyage,the voyage,don't voyage,stun voyage,phone voyage,Stern voyage,fun voyage,done voyage,dun voyage,voyage,ton voyage,turn voyage,Sun voyage,Don voyage,bone voyage,Voya,Stone voyage,John voyage,dog voyage,on voyage,gun voyage,the voyage,don't voyage,stun voyage,phone voyage,Stern voyage,fun voyage,done voyage,dun voyage
theessentialkansas,potential Kansas,essential Kansas,potential Kansas,essential Kansas
lovebox,love,lovebird,love bird,love bad,love bar,love bug,Plus,lovebug,Love by,love.,love back,love God,love Barre,luvbyrd,blood,Luv,loved,love ball,love Dad,love,lovebird,love bird,love bad,love bar,love bug,Plus,lovebug,Love by,love.,love back,love God,love Barre,luvbyrd,blood,Luv,loved,love ball,love Dad
islandinthesun,Linden,Island,Lindon,Lyndon,Lynden,London,Island it,I lended,Island Inn,Glyndon,Islander,I'll end it,Linda,Thailand,Island in,calendar,a Linden,Landon,I landed,Linden,Island,Lindon,Lyndon,Lynden,London,Island it,I lended,Island Inn,Glyndon,Islander,I'll end it,Linda,Thailand,Island in,calendar,a Linden,Landon,I landed
holsttheplanetsandtheperfectfoolballetmusic,the perfect ballet music,the perfect filet music,the perfect music,the perfect flame music,perfect ballet music,the planet perfect ballet music,the planets in the perfect ballet music,Perfect music,Perfect Flame music,pork the perfect ballet music,the planet Perfect music,perfect filet music,the planets perfect ballet music,the planet Perfect Flame music,the planets is the perfect ballet music,the planet perfect filet music,the perfect filet,the planets in the perfect music,the planets in the perfect filet music,pork the perfect music,the perfect ballet music,the perfect filet music,the perfect music,the perfect flame music,perfect ballet music,the planet perfect ballet music,the planets in the perfect ballet music,Perfect music,Perfect Flame music,pork the perfect ballet music,the planet Perfect music,perfect filet music,the planets perfect ballet music,the planet Perfect Flame music,the planets is the perfect ballet music,the planet perfect filet music,the perfect filet,the planets in the perfect music,the planets in the perfect filet music,pork the perfect music
watumeanayeayeaye,what you mean I,what you mean,what you mean I I,what you mean aye,what you mean I I I,what you mean I I I I,what you mean by,what you mean eye,what you mean a i,what you mean why,what you mean II,what you mean III,what you mean I buy,what you mean I,what you mean,what you mean I I,what you mean aye,what you mean I I I,what you mean I I I I,what you mean by,what you mean eye,what you mean a i,what you mean why,what you mean II,what you mean III,what you mean I buy
felicit,Felicity,solicitor,felissa,Alaska,soliciting,Alyssa,velocity,Felicity,solicitor,felissa,Alaska,soliciting,Alyssa,velocity
