pussycat,PuppyCat
avicii,Givenchy
muse,used
razorlight,raise the light
vickibrown,Dickie Brown
johnhiatt
juanes
aha
gestrtabergeil,check toward a bird dial
phatsandsmall,fast and small
fugees,Food Dudes
ultravox,Ultra vac
capo,taco
roxette,rock that
thebluediamonds,the blue diamond
dithpiaf,Edith Piaf
ub40,M40
janisian,Janice
sinadoconnor,Sydney O'Connor
lasketchup,stop catching up
louieausten,Bowie Austin
tovelo,turbo love
clannad,kanade
dnce
blueystercult,Blue Oyster Cult
gorillaz,Thriller
italobrothers,Italo brother
metric
frankboeijengroep,Frank the legend group
gusgus
oasis
2belgen,toboggan
visage,David
theblackeyedpeas,Black Eyed Peas
lisalisaandcultjam,Lisa Lisa Cult Jam
quarks,cork
zayn,Zane
blur
alok,Alec
manau,play now
indeep,indeed
agnethafltskog,agnetha faltskog
willtura,Fortera
thehooters,theater
shakinstevens,Shopkin Stevens
thekorgis,set corgis
fujiyaandmiyagi,Fujiya Miyagi
rem,em
bros,Brothers
richenel,original
genesis,Jennifer
robinschulz,province
lauv
matchboxtwenty,Matchbox 20
micheltel,Michel Telo
moloko,logo
theanimals,sea animals
theoutfield,Deerfield
beegees,BG
kaoma,Telma
ritaora
alize,Dolese
ritahovink,read a whole Bank
trettmann,trackman
styx,deck
aneka,Annika
m
thecats,the cat
alexgaudino,daddy no
keane,Killeen
bent,band
petermaffay,Peter Buffet
wes
akcent,backbend
kansas,canvas
loslobos,Lowe's Lobos
robdenijs,Rob Dinesh
wham,lamb
annekegronloh,monogram love
outkast,all cast
ofenbach,open back
falco,downtown
thestrokes,the stroke
joefmhitarchief1982,Joe fm header chip 1982
frankstallone,Frank
cro,crew
souliisoul,delete all
aerosmith
rafcamora,brass camera
kleinorkest,Klein Orchid
klangkarussell,Claddagh ring
micar,play car
boudewijndegroot,do the windy Groot
marshmello,marshmallow
nena,Nina
tensharp,10 Sharp
sigala,see Darla
loona,Luna
nimo,Nemo
fadgadget,sad Gadget
srgiomendes,Sergio Mendes
wildstylez,Style
gerardjoling,Girardi ohling
sash
eurythmics,be right back
thewhitestboyalive,the weather for live
eagles,needle
freakpower,freak Tower
theromantics,the romantic
tisto,Tiesto
thekinks,play kidding
jazzanova,Jazzy Nova
wimsonneveld,dim vandevelde
franshalsema,France Halsema
daspop
eels
haddaway,AdAway
dariog,sorry I was G
doemaar,Del Mar
headeast,Eddie
marcalmond,recommend
avocadoclub,Avatar Club
air
snap,stop
pnk
kiss
heart
macklemore,McLemore
zzendemaskers,bvn democker
echt,Act
lorde,sword
gossip,stop it
prince,friends
soulasylum,Asylum
u2,YouTube
len
rolandkaiser,bro life Kaiser
garlandjeffreys,Carlon Jeffery
airsupply,fly
diddy,City
macklemoreandryanlewis,McLemore and Ryan Lewis
stefbos,best boss
righeira,regera
anastacia,Anastasia
talbachman,tall Bachman
jaxjones,Jack Jones
adamant,Batman
partybandkings,start a band King
galantis,Gladys
vengaboys,Sandra boys
beyonc,Beyonce
nugeneration,new generation
orbital
alphaville
mrmister,mister mister
dollydots,dolly.
abba
thesmiths,Smith
gipsykings,Gypsy Kings
