hitsofthedecade20002009,oops of the decade 2000 to 2009,oops of the decade 2000 - 2009,Apes of the decade 2000 to 2009,Apes of the decade 2000 - 2009,of the decade 2000 to 2009,of the decade 2000 - 2009,oops of the decade 2002-2009,it's of the decade 2000 to 2009,it's of the decade 2000 - 2009,Apes of the decade 2002-2009,oops of the decade 2002 2009,of the decade 2002-2009,Apes of the decade 2002 2009,of the decade 2002 2009,it's of the decade 2002-2009
ramsesshaffylaatme,Ramsi's Cafe love me,Ramses shaffy love me,Ramsey's Cafe love me,Ramses Kathy love me,Ramses Cassie love me,Ramsey's Kathy love me,Ramsey's Taffy love me,Ramsey's Cassie love me,Ramsi's Cafe loved me,Ramses Taffy love me,Ramses Cathy love me,Ramses shaffy loved me,Ramsi's Cassie love me,Ramses Daphne love me,Ramsi's Taffy love me,Ramsey's Daphne love me,Ramsey's Cathy love me,Ramsey's caffeine love me
defoutecdvol12,devote CD Vol 12,CD Vol 12,both CD Vol 12,Defoe CD Vol 12,devote CD volume 12,both CD volume 12,fo CD Vol 12,CD volume 12,devooght CD Vol 12,vote CD Vol 12,boat CD Vol 12,Devoe CD Vol 12,defer CD Vol 12,the first CD Vol 12,Defoe CD volume 12,OCD volume 12,Dafoe CD Vol 12,defouw CD Vol 12,fo CD volume 12,Depo CD Vol 12
franshalsema19391984,Frans hals human 1939 - 1984,Frans hals human 1939 to 1984,France health human 1939 - 1984,Frans hals humit 1939 - 1984,Frans hals humid 1939 to 1984,Frans hals humit 1939 to 1984,France health human 1939 to 1984,trans health human 1939 - 1984,France held human 1939 - 1984,Frans hals humid 1939 - 1984,France held human 1939 to 1984,trans health human 1939 to 1984,friend pal human 1939 - 1984,France hail human 1939 - 1984,Frans hals Hewitt 1939 - 1984,France held humid 1939 to 1984,friend pal human 1939 to 1984,friends health human 1939 - 1984,France help human 1939 - 1984,transhuman 1939 to 1984
jumpbackthebestoftherollingstones71932009remastered,jump back the best of the Rolling Stone 7193 2009 remastered,jump back the best of the Rolling Stone 71 93 2009 remastered,jump back the best of the Rolling Stone 7133 2009 remastered,jump back the best of the Rolling Stone 7173 2009 remastered,jump back the best of the Rolling Stone 7190 3 2009 remastered,jump back the best of the Rolling Stone 7193 2009 remaster,jump pack the best of the Rolling Stone 7193 2009 remastered,jumpack the best of the Rolling Stone 7193 2009 remastered,jump out the best of the Rolling Stone 7193 2009 remastered,Jump app the best of the Rolling Stone 7193 2009 remastered,jump up the best of the Rolling Stone 7193 2009 remastered,jump back the best of the Rolling Stone 7133 2009 remaster
truerock3cdset,true Rock 3 Candelas set,true Rock three candle set,true Rock three Candelas set,true Rock 3 Candlelight set,true Rock 3 candle set,true Rock 3 Candelas sets,true Rock three Candelas sets,true Rock 3 Candela set,true Rock 3 candella's set,true roc3 Candelas set,true Rock 3 kandelas set,true Rock three Candlelight set,true Rock 310 Dallas set,true Rock 3 candle is set,true Rock 3 can download set,true Rock three candle is set,true Rock three candle a set,true Rock three candella's set,true Rock 3 Candlelight sets
weregoingtoibiza,we are going to Ibiza,we are going to be Visa,we are going to Biza
achtungbaby,done baby,Stone baby,Don baby,dumb baby,Dunn baby,then baby,turn baby,Dan baby,Dun baby,Stan baby,gun baby,stun baby,baby,dang baby,can baby,fun baby,doing baby
greatesthits,great at it
novacancywithsebastinyatra,No Vacancy with Sebastian yatra
yellowlightdespicableme3originalmotionpicturesoundtrack,yellow light digable Me 3 original motion picture soundtrack,yellow light pickable Me 3 original motion picture soundtrack,yellow light digable me three original motion picture soundtrack,yellow light to digable Me 3 original motion picture soundtrack,yellow light pickable me three original motion picture soundtrack,yellow light to pickable Me 3 original motion picture soundtrack,yellow light two pickable Me 3 original motion picture soundtrack,yellow light two pickable me three original motion picture soundtrack,yellow light to digable me three original motion picture soundtrack,yellowlite pickable Me 3 original motion picture soundtrack,yellow light 2 pickable Me 3 original motion picture soundtrack,yellow light two digable Me 3 original motion picture soundtrack,yellowlite to digable Me 3 original motion picture soundtrack,yellowlite digable Me 3 original motion picture soundtrack,yellow light 2 digable Me 3 original motion picture soundtrack,yellow light to pickable me three original motion picture soundtrack,yellow light Tickle Me 3 original motion picture soundtrack,yellow light two digable me three original motion picture soundtrack,yellow lights digable Me 3 original motion picture soundtrack,yellowlite pickable me three original motion picture soundtrack
ioweyounothingthebestofbros,I owe you nothing the best of brother,I owe you nothing the best of Brothers,IOU nothing the best of brother,IOU nothing the best of Brothers,I owe you Nothin the best of brother,I owe you Nothin the best of Brothers,I owe you nothing the best of brother's,IOU nothing the best of brother's,I owe you Nothin the best of brother's
diegoeieouwetijdtop100,WWE top 100,WWE tijd top 100,WWE JD top 100,wwjd top 100,WWE did top 100,Daigo uwti JD top 100,WWE jada top 100,Daigo UWE top 100,Geico uwti JD top 100,Geico UWE top 100,tiger uwti JD top 100
thecollectionstandardedition,collection Edition,The Collection Edition,sick election Edition,stick election Edition,Vic election Edition,Vick election Edition,thick election Edition,fix election Edition,Spic election Edition,the collection,Play Collection Edition,Sikh election Edition,selection Edition,election Edition,the collection and Edition,sick election,stick election addition,sick election Jordan,sick election addition,collection
theessentialbarbrastreisand,differential Barbra Streisand,essential Barbra Streisand,differential Barbara Streisand,essential Barbara Streisand
autopdesannes80vol130titresand5maxis,bow top 10 any accused 8130 Tires Plus 5 Maxine,top 10 any accused 8130 Tires Plus 5 Maxine,bow top 10 any accuse 8130 Tires Plus 5 Maxine,bow top day any accused 8130 Tires Plus 5 Maxine,bow top 10 any accuse 8130 Tires Plus 5 Maxis,top 10 any accuse 8130 Tires Plus 5 Maxine,bow top day any accuse 8130 Tires Plus 5 Maxine,boat top 10 any accused 8130 Tires Plus 5 Maxine,bow top ten any accused 8130 Tires Plus 5 Maxine,top 10 any accuse 8130 Tires Plus 5 Maxis,bow top 10 any accused 8130 Tires Plus five Maxine,top ten any accused 8130 Tires Plus 5 Maxine
loktownhilife,Blacktown High Life,Blacktown Hi-Life,black Town High Life,Blacktown hi life,Blacktown highlife,Blacktown highlights,black Town highlife,black Town hi life,black Towne High Life,Blacktown high-life,black Town Hi-Life,black Town highlights,Blacktown Hai life
radio538presentshotthebestsummerjamsfor2010,radio 538 presents Todd the best Summer Jams for 2010,radio 538 presents pod the best Summer Jams for 2010,radio 538 presents pod the best summer jam for 2010
alone
theessentialblueystercult,differential Blue Oyster Cult,essential Blue Oyster Cult
pitbullstarringinrebelution,Darian Revolution,starring in Revolution,Starion Revolution,Victorian Revolution,Dora in Revolution,in Revolution,Dorian Revolution,durian Revolution,boring in Revolution,Darian Rebelution,storing in Revolution,touring in Revolution,during in Revolution,Turing in Revolution,dying in Revolution,turian Revolution,Pickering in Revolution,picking in Revolution,dine-in Revolution,turn in Revolution
celticthemestheverybestof,Celtic seen the very best of,Celtic scene the very best of,Celtic seemed the very best of,Caltech seen the very best of,Celtic seem the very best of,Celtic seems the very best of,Caltech seemed the very best of,Caltech scene the very best of,Kel-Tec seen the very best of,keltic seen the very best of,Celtic seeing the very best of,Celtic seam the very best of,Kel-Tec seemed the very best of,Kel Tec seen the very best of,Caltech seems the very best of,Caltech seem the very best of,teltik seen the very best of,keltic seemed the very best of,Cal Tech seen the very best of,Kel-Tec scene the very best of
gloriousfeatskylargrey,Glory feed Tyler Gray,Gloria seed Tyler Gray,Gloria seed Skylar Grey,glory seed Tyler Gray,Gloria feed Skylar Grey,Gloria feed Tyler Gray,Glory feed Tyler Grey,Gloria seed Tyler Grey,Glory feed Skylar Grey,glory seed Skylar Grey,glorious feed Tyler Gray,glory seed Tyler Grey,Gloria seat Skylar Grey,Gloria feed Tyler Grey,Glory it feed Tyler Gray,glorious feed Skylar Grey,glorious feed Tyler Grey,Gloria seat Tyler Gray,Gloria feet Skylar Grey,Glory exceed Skylar Grey
joeshitarchieftop2000vol5,just hit our chief top 2000 Vol 5,just hit her chip top 2000 Vol 5,just hit our chief top 2000 Volume 5,just hit archief Top 2000 Vol 5,just hit our chief top 2000 volume Five,just hit a chip top 2000 Vol 5,just hit our chief top two thousand volume Five,just hit our chief top two thousand Volume 5,just hit Arch if top 2000 Vol 5,just hit our chief top mm Volume 5,just hit archtop 2000 Vol 5,just hit her chip top 2000 Volume 5,just hit archief Top 2000 Volume 5,just hit our chief top mm volume Five,just hit her cheek top 2000 Vol 5,just hit her Chief talk 2000 Vol 5
minorearthmajorsky,Diana Ross Major sky,Diana Ross Major guy,minus Majors guy,Diana Ross Majors guy,lioness Majors guy,Diana Ross Major Skye,Diana Ross Major die,- Majors guy,Diana Ross Major died,my nearest major die,Diana Ross Major KY,minus Major's guy,Diana Ross Major Kai,minus major die,minus Maj sky,Dianna Ross Major sky,lioness major die,minus Majors sky,Diana Ross Major Skyy,- major die
detricolorevanjoefm,the tree Claire van Joe fm,did tree Claire van Joe fm,did tree player van Joe fm,the tree player van Joe fm,the tree Clair van Joe fm,did tree Clair van Joe fm,did tree glare van Joe fm,Detroit Player van Joe fm,the tree Clare van Joe fm,detrie Claire van Joe fm,did tree Clare van Joe fm,did tree eclair van Joe fm,the tree eclair van Joe fm,detrie player van Joe fm,the tree Claire van Jaya we FM,did Trey Claire van Joe fm
lesplusgrandstubesdesannes80,backpack brand tubed Anne accused ad,Grand tube damned City,granted Anne accused ad,Grand tubed Anne accused ad,backpack brand tube damned City,Grand tube jannes ad,Grand tube janne accused ad,backpack Grande tube damned City,backpack brand tube jennett,Grand tube jannes 80,Grand tube damned ziti,Grand tube jennett,Grand tube damned Sadie,Grande tube damned City,backpack brand tube damned Sadie,Grant tube damned City,backpack brand tube damned ziti,Grand tube jannes dating,backpack brand tube jannes ad,westclox Grande tube damned City
isditnulater,is Big new later,is this new later,is Vishnu later,is this new leader,is the new later,is Biff new later,is bit new later,is it new later,is death new later,is Beth new later,new later,is BIC new later,is Dick new later,is Vick new later,is Vic new later,a bit new later,is new later,infant new later,is bib new later,is Big knew later
thealtogether
derjungevonstpauli,they're young and Saint Paul,dirty young and Saint Paul,they're young and Vine Saint Paul,dirty young and Vine st. Paul,dirty young and Vine Saint Paul,they're young and Vine st. Paul,very young and Saint Paul,they're young and st. Paul,dirty young and st. Paul,very young and Vine st. Paul,their young and Saint Paul,very young and Vine Saint Paul,dirty young of on Saint Paul,very young of on Saint Paul,the young and Saint Paul,there young and Saint Paul,they're young of on Saint Paul,dirty Young & Vine st. Paul,dirty Young'n Saint Paul,their young and Vine Saint Paul
bestofbeegeesvol1,Factor BG volume one,back to BG volume one,Factor BG volume 1,back to BG volume 1,back to BG vol 1,active BG volume one,best of BG volume one,best of BG volume 1,doctor BG volume one,active BG volume 1,dr. viji volume 1,dr. BG volume one,doctor BG volume 1,Dr BG volume one,Dr BG volume 1,Pactiv BG volume one,dr. BG volume 1,fact of BG volume one,dr. viji volume one,fact of BG volume 1
bestofbeegeesvol2,back to BG volume 2,Factor v g volume 2,back to BG Vol 2,Factor BG volume 2,Factor BG Vol 2,best of BG volume 2,active BG volume 2,Factor v g Vol 2,active BG Vol 2,best of BG Vol 2,Factor v g volume two,dr. viji volume 2,back to BG volume two,doctor BG volume 2,Factor VIII G volume 2,best of EG volume 2,Factor BG volume two,stop the VG volume 2,dr. viji Vol 2,best of VG volume 2
lacamisanegra,camisa Negra,what camisa Negra,but camisa Negra,mutt camisa Negra,butt camisa Negra
levels,level
hetbestevanboudewijndegroot,set back the van doodle and Degroot,head back the van doodle and Degroot,set back the van doodle in Degroot,head back the van doodle in Degroot,set up the van doodle and Degroot,cut back the van doodle and Degroot,setback the van doodle and Degroot,the van doodle and Degroot,Devan doodle and Degroot,set back the van doodle in degroodt,take back the van doodle and Degroot,pet back the van doodle and Degroot,set the van doodle and Degroot,head back the van doodle in degroodt,add back the van doodle and Degroot,Pactiv and doodle and Degroot,Pactiv in Doodle and Degroot,Divan doodle and Degroot,captive and doodle and Degroot,active and doodle and Degroot
thedefinitive80seighties,the definitive 80s,the definitive eighties,the definitive ATS,the definitive 80's,the definitive 80,the definitive a tease,the definitive,definitive,the definitive ad,the definitive aytes,the definitive 80 s,the definitive 88,the definitive ATM,affinitive 80s,the definitive a t s
doemaardesingles,Delmarva single,Delmar new single,Del Mar the single,Delmar to single,Del Mar the singles,Del Mar to single,Del Mar new single,Delmarva singles,Delmar to Fingal,Delmar the single,Delmar de single,Delmar the singles,Delmar to singles,Del Mar to Fingal,Del Mar to singles,Delmar two singles,Del Mar two singles,Delmar de singles,Del Mar two single,Delmar two single
acdcgreatesthits30anniversaryeditiondisc2,ACDC Greatest Hits 30 anniversary edition 50,ACDC Greatest Hits 30 anniversary edition 2,ACDC Greatest Hits 30 anniversary edition,ACDC Greatest Hits 30 anniversary edition 52,ACDC Greatest Hits 30 anniversary edition fit2,ACDC Greatest Hits 30 anniversary edition Fit 2,ACDC Greatest Hits 30 anniversary edition v 2,ACDC Greatest Hits 30 anniversary edition to,ACDC Greatest Hits 30 anniversary edition fit to,ACDC Greatest Hits 30 anniversary edition two,ACDC Greatest Hits 30 anniversary edition bit too,ACDC Greatest Hits 30 anniversary edition YouTube,greater 10:30 Anniversary Edition,ACDC Greatest Hits 30 anniversary edition zip,greater 10:30 anniversary edition 52,ACDC Greatest Hits 30 anniversary edition fit two,ACDC Greatest Hits 30 anniversary edition bit to,greater 10:30 anniversary edition 2,ACDC Greatest Hits 30 anniversary edition too
downtotheseaandbackthecontinuingjourneyofthebalearicbeatvolume1,down to the send back the continuing journey of the belly Eric beat vol 1,down to the send back the continuing journey of the belly Eric beat volume 1,down to the send back the continuing journey of the belly Erik beat vol 1,down to the send back the continuing journey of the belly Eric B volume 1,down to the send back the continuing journey of the Balearic beat vol 1,down to the send back the continuing journey of the belly Eric bead volume 1,down to the send back the continuing journey of the belly Eric volume 1,down to the send back the continuing journey of the valley Eric beat vol 1,down to the send back the continuing journey of the belly Eric beat volume one,down to the send back the continuing journey of the belly Erik beat volume 1,down to the send back the continuing journey of the belly Eric vol 1,down to the send back the continuing journey of the belly Erick beat vol 1,down to the send back the continuing journey of the belly Eric bead volume one,down to the sand back the continuing journey of the belly Eric beat vol 1,down to the send back the continuing journey of the belly Eric volume one,down to the send back the continuing journey of the valley Eric beat volume 1,down to the send back the continuing journey of the Balearic beat volume 1,down to the send back the continuing journey of the belly Eric B volume one,down to the send back the continuing journey of the belly Erik bead volume 1,down to the send back the continuing journey of the valley Erik beat vol 1
30beatlestophits,30 Beaver top hit,30 Beaver top hits,30 Beaver top hat,30 Beetle top hit,30 Beaver top head,30 beagle top hit,30 bever top hit,30 people top hit,30 Bieber top hit,30 Beaver cop hit,30 Beaver top hip,30 Beetle top hits,30 Beaver tap head,30 beagle top hits,30 beever top hit,30 people top hits,30 Bieber top hits,30 bever top hits
25jaartop40hitsdeel3,25 top 40 hits Deal 3,25 top 40 hits till 3,25 top 40 hits deal three,25 jar top 40 hits till 3,25 jar top 40 hits Deal 3,25 top 40 hits steel 3,25 top 40 hits 03,25 top 40 hit steel 3,25 top 40 hits teal 3,25 jar top 40 hits deal three,25 top 40 hits till three,25 top 40 hit Deal 3,25 jar top 40 hit steel 3,25 top 40 hits steel three
zztophifivezztop,ZZ Top Hi Fi ezetop,ZZ Top Hi Five Easy top,ZZ Top high five easy top,ZZ Top Hi Fi easy top,ZZ Top Hi Five ezetop,ZZ Top high five ezetop,ZZ Top Hi five top,ZZ Top Hi 5 ezetop,ZZ Top Five Easy top,ZZ Top Hi Fi top,ZZ Top Hi 5 easy top,ZZ Top Hi-5 ezetop,ZZ Top Hi-Five ezetop,ZZ Top high five top,ZZ Top Hi fi tv top,ZZ Top 5 easy top,ZZ Top Hi V ezetop,ZZ Top top,ZZ Top Five ezetop,ZZ Top high-five ezetop
inliebemeineschnstenballaden,and leave Johnston,and leave,and leave Johnston valedon,in leave,in lead,and leave challedon,and leave invalid in,and leave Johnston valid in,in lead Johnston,and leave invalid,and leave fountain,and Lead,and leave it in,and leave salad,and leave salad in,and leave Saladin,and leave in,in lead fountain,in leave fountain,and leave Johnston valid
theessentialcyndilauper,differential Cyndi Lauper,essential Cyndi Lauper,differential Cindy Lauper,differential Cindi Lauper,essential Cindy Lauper
thekorgisbest,the clergy backed,the clergy fact,the Corgi fact,the core G fact,the corgis backed,the clergy packed,the chord g fact,the Corgi backed,the core G's backed,the corgy fact,the Corgi becht,the core G becht,the clergy becht,the corgey fact,the corgy backed,the corgy becht,the clergy Pact,the chord g becht,the clergy bect,the core G backed
losthitsofthe80salloriginalartistsandversions,all original artist version,Paul original artist version,lots of the ad Paul original artist version,dad Paul original artist version,lots of the 80 Paul original artist version,the ad Paul original artist version,all original artists version,the 80 Paul original artist version,lots of the eighties all original artist version,not all original artist version,all original artist versions,Gypsy Paul original artist version,watch it all original artist version,it's all original artist version,of the 80 Paul original artist version,black history Paul original artist version,Block City Paul original artist version,watch it fall original artist version,lots of the 80 all original artist version,lost city Paul original artist version
chessmusicalchess,Shrek musical cast,musical chest,check musical chest,Musical cast,check Musical cast,Shrek musical chest,musical chaste,Czech musical chest,Czech Musical cast,Chad Musical cast,musical chess,musical jazz,Chad musical chest,chat musical chest,chat Musical cast,track musical chest,check musical chaste,musical Chast,track musical cast,check musical jazz
houndsoflove
clubclassicsvolone,Club Classics volume 1,Club Classics vol 1,Club Classics volume one,club classic volume one,club classic volume 1
2ufeatjustinbieber,do you feed Justin Bieber,do you feat Justin Bieber,do U feed Justin Bieber,do you feed Justin Beiber
hetbestevankleinorkest,head back the van Klein Orchid,put back the van Klein Orchid,set back the van Klein Orchid,pet bath of incline Orcutt,pet bath of incline orchid,head bathtub and Klein Orchid,take back the van Klein Orchid,Pet Vet the van Klein Orchid,head back the van Klein Orcutt,pet bathtub and Klein Orchid,pet bath of incline Orkut,hit back the van Klein Orchid,put that the van Klein Orchid,head back the van Cline Orcutt,pet bath tub and Klein Orchid,pet bath of an Klein Orchid,petvet the van Klein Orchid,pet bed the van Klein Orchid,head back the band Klein Orchid,put the van Klein Orchid
ladiesandgentlementhebestofgeorgemichael,ladies and gentlemen George Michael,ladies and gentlemen,ladies and gentleman,ladies and gentleman George Michael,ladies and gentlemen the George Michael,ladies and gentlemen of George Michael
alle40goed,Ella 40 Road,ala 40 Road,Ella 40 good,Ella 40 code,40 Road,California code,ala forty Road,ala 40 code,Alla 40 Road,Ella 40 goad,Ella forty Road,Ella 40 growed,Alle 40 Road,forty Road,Bella 40 Road,ala 40 goad
aqualung
avci01,bo1,01,po1,oh one,oh 1
taekickboxingvol1,Thai kickboxing volume 1,Thai kickboxing vol 1,Thai kickboxing volume one,Thai kick boxing volume 1,Thai kick boxing volume one,Thai kick boxing vol 1,Thai kickboxing one
showbizkidsthesteelydanstory19721980remastered,Show Biz Kids Steely Dan story 1972 - 1980 remastered,Show Biz Kids Steely Dan Storey 1972 - 1980 remastered,Show Biz Kids Steely Dan storie 1972 - 1980 remastered,Show Biz Kids Steely Dan's story 1972 - 1980 remastered,Show Biz Kids Steely Dan story 1972 - 1980 re-mastered,Show Biz Kids Steely Dan Storey 1972 - 1980 re-mastered,Show Biz Kids Steely Dan storie 1972 - 1980 re-mastered,Show Biz Kids Steely Dan's story 1972 - 1980 re-mastered
100unforgettablelovesongs,100 Unforgettable song,100 Unforgettable,100 Unforgettable songs,100 Unforgettable on,100 Unforgettable.,100 Unforgettable Dawn,100 on forgettable,100 on forgettable song,one hundred Unforgettable song
lustforlife,for life,4life,four life,forlife,4 Life,ultralife,Ultra life
bonapptit,50,bone appetit,fifty,15,bon appetit,vanity,Tootsie,40,booty,Nocatee,Tootie,30,Tutti,dirty,manatee,forty
alle40goed80s,I forwarded go dating,I forwarded go to 80,I forwarded go dated,I forwarded 80,I forwarded go to a T,I forwarded go to a tee,I forwarded good 80,I forwarded God 80,I forwarded goat 80,I forwarded go date,I forwarded go to a tea,I forwarded good 80s,I forwarded GoDaddy,forwarded go dating,I-40 go dating,I forwarded a t
joefmhitarchief1982,Joe fm header chip 1982,Joe fm Heather chip 1982,Jill FM header chip 1982,Joe fm header just 1982,Joe fm hitter chip 1982,Joe fm hedge of 1982,Joe fm headers 1982,Joe fm head urge of 1982,Joe fm header chips 1982,Joe fm hitter just 1982,Joe fm headers of 1982
grrrdeluxeversion,deluxe version
theheist
bigtunesback2the80s,big Tunes back to the,big dude back to the,big dudes back to the,big Tunes back to the eighties,big Tunes back to the 80,big dude back to the eighties,Pig Dude back to the,big dude back to the 80,big Dune back to the,big back to the,big dudes back to the eighties,big Toons back to the,big tune back to the,back to the,big dudes back to the 80,big Tunes back to the 8,big Tunes back to the 80s,big Tunes back to the ATM,big Tunes back to the Y,big Tunes back to the A-Team
virginrecords40yearsofdisruptions,Virgin Records 40 Years of Destruction,Virgin Records 40 Years of distraction,virgin record 40 Years of Destruction,Virgin Records 40 Years of deception,surgeon record 40 Years of Destruction,virgin record 40 Years of distraction,Virgin records 40-years of Destruction,virgin record 40 Years of deception,surgeon record 40 Years of distraction,surgeon record 40 Years of deception
aiseeutepego,aren't they you tape Echo,aren't they you tape Eggo,Sauk Pego,SAU tape Echo,aren't they you Tay Pego,I say you tape Eggo,I say you tape Echo,SAU Tay peggo,Sauk peggo,SAU Tay Pego,aren't they you Tay peggo,FAU tape Echo,are they you tape Echo,aren't they you tape a go,are they you tape Eggo,aren't they you tape ago,aren't they you tape egg O,aren't they you say Pego,aren't they you tape egg oh
theessentialroyorbison,essential Roy Orbison,differential Roy Orbison,the eventual Roy Orbison,the adventure Roy Orbison,eventual Roy Orbison,Adventure Roy Orbison,the adventurer Roy Orbison,did Venture Roy Orbison,dissension Roy Orbison
u218singlesdeluxeversion,u218 single deluxe version,you 218 single deluxe version,u218 single Deluxe versions,you 218 single Deluxe versions,you 218 singles deluxe version,you 218th single deluxe version,you 218. Single deluxe version,u200 18 single deluxe version,you 200 18 single deluxe version,you 218. Single Deluxe versions,you 218th single Deluxe versions,you 218 singles Deluxe versions,u200 18 single Deluxe versions,you 200 18 single Deluxe versions
islandinthesun,Linden,Island,Lindon,Lyndon,Lynden,London,Island it,I lended,Island Inn,Glyndon,Islander,I'll end it,Linda,Thailand,Island in,calendar,a Linden,Landon,I landed
konkylie,Kylie,Colin Kiley,Callan Kylie,Kalen Kylie,Kalyn Kylie,Kalin Kylie,Callen Kylie,call entirely,Colin Kiely,Cal entirely,Kalyn Kiley,Callan Kiley,Colin Kylie,Alan Kiley,Collin Kylie,Calen Kylie,Kiley,Calin Kylie,kallen Kylie,Kalyn Kylee
thebestbettedeluxeinternationalversion,the best buddies international version,the best buddy international version,the best Betty Deluxe international version,the best Betty the international version,the best Betty international version,the best bedi international version,the best buddy Deluxe international version,the bats Betty international version,the best bet international version,the bats Betty Deluxe international version,the bats bedi international version,the best bedding international version,the bats Betty the international version,the back Betty international version,the back bedi international version,the best buddy the international version,the best bed international version,the best international version,the back Betty the international version,the best Betty's international version
kncheltief,nacho cheese,novelties,nachos,noctis,mocktails,Maltese,not till tease,knocked out,knockouts,motels,not till tees,narutobase,not guilty,naty's,noveltees,knock jokes,not tilting,knock tails,not till teas
thesingles,single,singles,angle,the single,jingle
hot2touch,hot to touch,how to touch,up to touch,top to touch,have to touch,app to touch,talk to touch,cop to touch,hop to touch,pop to touch,map to touch,Op 2 touch,op to touch,top two touch
watchoutforthisbumayefeatbusysignaltheflexicanandfsgreen,watch out for this be you me feat busy signal the flexican & FS green,watch out for this bueme feet busy signal the flexican & FS green,watch out for this beumee feet busy signal the flexican & FS green,watch out for this view May feed busy signal the flexican & FS green,watch out for this view me feet busy signal the flexican & FS green,watch out for this view may feet busy signal the flexican & FS green,watch out for this view me feed busy signal the flexican & FS green,watch out for this bueme feed busy signal the flexican & FS green,watch out for this beumee feed busy signal the flexican & FS green,watch out for this BMA feet busy signal the flexican & FS green,watch out for this BMA feed busy signal the flexican & FS green,watch out for this be you may feed busy signal the flexican & FS green,watch out for the view May feed busy signal the flexican & FS green,watch out for the view me feet busy signal the flexican & FS green,watch out for this view Mae feet busy signal the flexican & FS green,watch out for the view may feet busy signal the flexican & FS green,watch out for the view me feed busy signal the flexican & FS green,watch out for this be you may feet busy signal the flexican & FS green
thelongversionspartone,the long version part 1,the long version part one,Salon version part 1,Salon version part one
franktoveybyfadgadget,Frank Toby by fad Gadget,Frank Tobey by fad Gadget,Franke Tobey by fad Gadget,Frank Dobie by fad Gadget,Frank tobie by fad Gadget,Frank Toby buy fad Gadget,Frank Tobe by fad Gadget,Frank Tobi by fad Gadget,Franke Toby by fad Gadget,Frank Tobey buy fad Gadget,Franc Toby by fad Gadget,Franke Tobey buy fad Gadget,Frank told me by fad Gadget,Frank Torre by fad Gadget,Franck Toby by fad Gadget,Frank Toby bye fad Gadget,Frank Tobey bye fad Gadget,Frank Tobi buy fad Gadget,Frank Dobie buy fad Gadget
lustforlifewiththeweeknd,for Life With The Weeknd,for life with the weekend,4life with the weekend,4 Life with the weekend,4 Life With The Weeknd,4life with The Weeknd,four life with The Weeknd,four life with the weekend,ultralife with the weekend,for live with the weekend,ultralife with The Weeknd,or life with the weekend,for live with The Weeknd,forlife with the weekend,forlife with The Weeknd,life with the weekend,or life with The Weeknd,life with The Weeknd
thebestofsash10thanniversary,the best of - 10th anniversary,the best of death 10th anniversary,the best of Dash 10th anniversary,the best of bash 10th anniversary,the best of 10th anniversary,the best of that 10th anniversary,the best of best 10th anniversary,the best of Bosch 10th anniversary,the best of back 10th anniversary,the best of fast 10th anniversary,the best of bath 10th anniversary,the best of bad 10th anniversary,the best of Tenth anniversary,the best of Josh 10th anniversary,the best of - 10 anniversary,the best of bash Tenth anniversary,the best of Dash Tenth anniversary,the best of fat 10th anniversary
diemenschmaschine2009remasteredversion,time machine 2009 remastered version,Star machine 2009 remastered version,Diamond machine 2009 remastered version,diamonds machine 2009 remastered version,machine 2009 remastered version,the machine 2009 remastered version,Simon machine 2009 remastered version,time in machine 2009 remastered version,stimens machine 2009 remastered version,Simon's machine 2009 remastered version,bench machine 2009 remastered version,Mensch machine 2009 remastered version,Timex machine 2009 remastered version,time inch machine 2009 remastered version,dementia machine 2009 remastered version,I meant machine 2009 remastered version,Simons machine 2009 remastered version,dime inch machine 2009 remastered version,I'm inch machine 2009 remastered version,men's machine 2009 remastered version
diyloves90svol1,DIY love 90 volume 1,DIY love 90 volume one,DIY love 90 vol 1,DIY loved 90 volume 1,DIY love ninety volume 1,DIY Luv 90 volume 1
debroodbox,the bird box,debris box,the bread box,Redbox,the breadbox,divot box,The Brood box,Deborah Box,different box,Deborah Redbox,Debra Redbox,Deb Redbox,debit box,Bird Box,Debra box,tiber's box,did Redbox,the buried box,Dipper Redbox,dead bird box
schlagerperlen,schlager porelon,slager porelon,schlager Portland,schlager Port Allen,schlager parolin,schlaeger porelon,slager Portland,schlager portalen,schlager portallen,schlager Borderland,schlager poor Allen,schlager Poor Ellen,shlager porelon,schlager Parlin,schlager Borland,schlager poor island,schlager bortolin,schlager Porygon,schlager portalan,schlager poor Alan
onelove2ndedition,When Love second edition,one love second edition,When Love 2nd edition,when loved second edition,when loved 2nd edition,When Love II Edition,1 love second edition,fun love second edition,one love II Edition,Wen love second edition,when second edition,when Luv second edition,when Luv 2nd edition,When Love II addition
kayleighandtheessentialmarillioncollection,Kaylee and essential Marillion collection,Kayleigh and essential Marillion collection,Kaley and essential Marillion collection,Kaley India Special Marillion collection,Kayleigh India Special Marillion collection,Kaylee India Special Marillion collection,Kaylie India Special Marillion collection,Kaely and essential Marillion collection,Kailey and essential Marillion collection,Haley India Special Marillion collection,Kaylie and essential Marillion collection,Haley and essential Marillion collection,daily and essential Marillion collection,Kaley invention Marillion collection,Kaley India Central Marillion collection,daily India Special Marillion collection,Kaylee ND Essentia Marillion collection,alien denchel Marillion collection,Hailey and essential Marillion collection,Kaylee India Central Marillion collection
antideluxe,good luck,and good luck,Auntie good luck,NT good luck,any good luck,Santee good luck,antique good luck,Goodluck,Aunty good luck,Andy good luck,Auntie the luck,the luck,fancy good luck,Antti good luck,NT the luck,bad luck,Santi good luck,panty good luck,any luck,ante good luck
instructionfeatdemilovatoandstefflondon,instruction seat Demi Lovato and stuff London,instruction seat Demi Lovato and death London,instruction seat Demi Lovato and Steph London,instruction seat Demi Lovato and Dev London,instruction feet Demi Lovato and stuff London,instruction feat Demi Lovato and stuff London,instructions seat Demi Lovato and stuff London,instruction seat Demi Lovato and deaf London,instruction seat Demi Lovato and staff London,instruction feet Demi Lovato and death London,instruction feat Demi Lovato and death London,instructions seat Demi Lovato and death London,instruction feat Demi Lovato and Steph London,instruction seat Demi Lovato and Dad London,instruction feet Demi Lovato and Steph London,instruction feat Demi Lovato and Dev London,instructions feet Demi Lovato and stuff London,instructions seat Demi Lovato and Steph London,instruction seat Demi Lovato and deathrun.,instructions feat Demi Lovato and stuff London
howdoyoulikeitmonoandstereoversion,how do you like it I know it's Terio version,how do you like it I know it's Terrio version,how do you like it Dario version,how do you like it I know it's Dario version,how do you like it I know it's Terry o version,how do you like it I know it's theriot version,how do you like it I know it's tario version,how do you like it I know it's Theriault version,how do you like it I know it's Terry oh version,how do you like it I know it's terryo version,how do you like it I know it's tairyo version,how do you like it I know it's Terri oh version,how do you like it I know it's Terri o version,what do you like it I know it's Terio version,what do you like it I know it's Terrio version,how do you like it Dario virgin,how do you like it version,how do you like it I know its Terio version,how do you like it I know it's Terio virgin,what do you like it Dario version
puzzle
deluxe,/,divided by,/ it,divided by 8,/ alarm,/ 8,divided by Ella,divided by Olaf
topcollectiejaren80vol2,turn up the volume 2,turn up the volume to,top collected Darren ad volume 2,turn up the volume two,top collected Jaron ad volume 2,top collected 80 volume 2,top collected jaryn ad volume 2,top collected Aaron ad volume 2,text message Aaron ad volume 2,top collected Jaren 80 volume 2,text message Erin ad volume 2,turn up the Jaron ad volume 2,top collected Aaron 80 volume 2,top collected 80 Vol 2,top collected Erin ad volume 2,top collected Jarren ad volume 2,top collected Darren 80 volume 2,top collected Jaren ad volume 2,top collected Darren ad Vol 2,top collected Jaron 80 volume 2
alltimebestreclammusikedition8,all-time backed reklam Musik Edition 8,all-time backed reklam movie condition 8,all-time backed reklam music Edition 8,all-time backed Reckless movie condition 8,all-time backed reklama movie condition 8,time backed reklam movie condition 8,all-time backed Reckless Musik Edition 8,time backed Reckless movie condition 8,time backed reklama movie condition 8,all time backed reklam movie condition 8,all time backed Reckless movie condition 8,all-time backed Reckless musique Edition 8,all time best reklam movie condition 8,all-time backed recla movie condition 8,all time best Reckless movie condition 8
solocollection,solar collection,Soul collection,Zoeller collection
halloweeniioriginalmotionpicturesoundtrackarobzombiefilmexplicitversion,Halloweenie original motion picture soundtrack Rob Zombie film explicit version,Halloweeny original motion picture soundtrack Rob Zombie film explicit version,Halloween original motion picture soundtrack Rob Zombie film explicit version,Halloween e original motion picture soundtrack Rob Zombie film explicit version,Halloweenie original motion picture soundtrack zombie film explicit version,Halloweeny original motion picture soundtrack zombie film explicit version,Halloween original motion picture soundtrack zombie film explicit version,Helloween e original motion picture soundtrack Rob Zombie film explicit version,Halloween e original motion picture soundtrack zombie film explicit version,Halloweenie original motion picture soundtrack zombiefilme explicit version,Halloween the original motion picture soundtrack Rob Zombie film explicit version,Halloweeny original motion picture soundtrack zombiefilme explicit version,Halloween original motion picture soundtrack zombiefilme explicit version,Halloween e original motion picture soundtrack zombiefilme explicit version,Helloween e original motion picture soundtrack zombie film explicit version,Halloween the original motion picture soundtrack zombie film explicit version,Helloween e original motion picture soundtrack zombiefilme explicit version,Halloween the original motion picture soundtrack zombiefilme explicit version
538hitzonebestof2010,538 hits known fact of 2010,538 hits bone fact of 2010,538 hits down fact of 2010,538 hits Zone fact of 2010,538 headstone fact of 2010,538 hits Town fact of 2010,538 hits loan fact of 2010,538 hits on fact of 2010,538 hits Best of 2010,538 hitz known fact of 2010,538 hits Brown fact of 2010,538 hit Stone fact of 2010,538 headphone fact of 2010
aretha
538hitzonebestof2012,538 hits known fact of 2012,538 hits best of 2012,538 hits bone best of 2012,538 hits bone fact of 2012,538 hits down best of 2012,538 hits bound best of 2012,538 hits Zone best of 2012,538 hits bone backed of 2012,538 hits down fact of 2012,538 headstone fact of 2012,538 hits bone back of 2012,538 hits known best of 2012
ahistoryofrockvol1,The History of Rock volume 1,History of Rock volume 1,The History of Rock volume one,History of Rock volume one,A History of Rock volume 1,A History of Rock volume one,The History of Rock vol 1,history of Rocks volume 1,History of Rock vol 1,I History of Rock volume 1,I History of Rock volume one,history of Rocks volume one
loveincrediblefeatcamilacabello,incredible feat Camila Cabello,incredible feed Camila Cabello,incredible feet Camila Cabello
speakerboxxxthelovebelow,speaker box the love below,speakerboxx love below,speaker box text the love below,speaker box backpacks the love below,speakerbox text the love below
falcothesoundofmusik,Sound of Music,The Sound of Music,sound the sound of music,Selco The Sound of Music
thefuturestartsheretheessentialdoorshits,the future Starts Here the essential door pit,the future Starts Here the essential door hit,the future Starts Here the essential door Pitt,the future Starts Here the essential doors hit,the future Starts Here the essential door pet,the future Starts Here the essential door pick,the future Starts Here the essential door hid,the future Starts Here the essential door hits,the future Starts Here the essential door pic,the future Starts Here the essential door Pitts,the future Starts Here the essential door head,the future Starts Here the essential door pitch,the future Starts Here the essential door pets,the future Starts Here the essential door kit,the future Starts Here the essential Dora pit,the future Starts Here the essential door pin,the future Starts Here the essential door pits,the future Starts Here the essential door,the future Starts Here the essential Dora pet,the future Starts Here the essential Dora Pitt
lalambadaoriginalno1hits,original number one hits,original number one hit,Lambada original number one hits,Original Number 1 hits,Lambada original number one hit,Lambada Original Number 1 hits,original number-one hits
anthrazit,anthro of it,and throws it,Stan throws it,Dan throws it,man throws it,fan throws it,Stan through of it,and through of it,anthro zit,tan through of it,Ann throws it,Panther of it,Sandra of it,can throws it,Dan through of it,Sandra's it,an through of it,tan throws it,an throws it,and throughout it
acollectionofroxettehitstheir20greatestsongsspanishversion,a collection of rocks that hits their 20 Greatest Spanish version,the collection of rocks that hits their 20 Greatest Spanish version,a collection of rocks that hit their 20 Greatest Spanish version,collection of rocks that hits their 20 Greatest Spanish version,a collection of rocks and hits their 20 Greatest Spanish version,a collection of rocks at hits their 20 Greatest Spanish version,a collection of rocks that hits there 20 Greatest Spanish version,a collection of rocks that has their 20 Greatest Spanish version,a collection of rocks that hits their 20 Greatest banished version,the collection of rocks that hit their 20 Greatest Spanish version,a collection of rocks. Hits their 20 Greatest Spanish version,my collection of rocks that hits their 20 Greatest Spanish version,a collection of rocks that hits their 20 Greatest banish version,the collection of rocks at hits their 20 Greatest Spanish version,a collection of rocks that it's their 20 Greatest Spanish version,a collection of rocks that hits they're 20 Greatest Spanish version,a collection of rocks that hit there 20 Greatest Spanish version,a collection of rocks that had their 20 Greatest Spanish version,collection of rocks that hit their 20 Greatest Spanish version,a collection of rocks that has there 20 Greatest Spanish version
top401994,top 40 underscore 1994,top 40 under score 1994,top 40 under for 1994,top 40 under 40 1994,top forty underscore 1994,top 40 under store 1994
prettygirlcheatcodesxcaderemix,pretty girl cheat codes,pretty girl cheat codes remix,pretty girl cheat code,pretty girl cheap,pretty girl Jeep,pretty girl,pretty girl Jeep code,pretty-girl cheat codes,pretty girl cheatcodes,pretty-girl cheat codes remix
theessentialbangles,potential bangle,potential bingo,potential Bango,potential bangal,essential Bango,essential bangle,essential Bangles,tential bangle,potential Bengal,stencil bangle,essential bingo,essential bangal,tential Bango,potential bangl,potential bhangle,tential bingo,differential bangle,potential Bengals,potential Banga,potential Bangles
thesoftparade,parade,masquerade,trade,charade,to raid,afraid,braids,cost to raid,gerade,Schrade,raid,braid,cost
waarzijndeeighties,why were the IJ and dating,why were the IJ and day,why were the IJ and date,why were the IGN,why were the IJ and 80,why were the i g n a t,why were the i j and date,why were the ijn ad,why were the IJ and eighties,why were the IGN ad,why were the IJ and dated,why were the I J & J,why were the IJ and Dade,why were the IJ and Jade,why were the ijn day,why were the IJ end date,why were the IGN dating,why were the ijn date,wow-worthy IGN ad,wow-worthy IGN
fetenkultbestofthe80s,settings back to the 80s,set in called back to the 80s,settings back to the eighties,set in called back to the eighties,set an called back to the 80s,set an called back to the eighties,settings back to the 80,setting called back to the 80s,7 called back to the 80s,sudden called back to the 80s,setting called back to the eighties,set in calls back to the 80s,set in called back 2 the 80s,set in calls back to the eighties,certain called back to the 80s,7 called back to the eighties,set in called fact of the eighties,Seven Falls back to the 80s,sudden called back to the eighties,Sutton called back to the 80s
jackpotthebestbette,jackpot the best Betty,jackpot the best buddy,jackpot the best Petty,jackpot the best beti,jackpot the best Bettie,jackpot the best fetty,jackpot the best betti,jackpot the back Betty,jackpot the best body,jackpots the best Betty,jackpot the best bet e,jackpot the best bedi,jackpot the best Bettye,Jack Bot the best Betty,jackpot the best beddy,jackpot the best ready,jackpot the best bety,Jack Pot the best Betty,jackpots the best buddy,Jack Bot the best buddy
theessentialdarylhallandjohnoates,essential Daryl Hall and John Oates,essential Daryl Hall & John Oates,differential Daryl Hall and John Oates,the adventure Daryl Hall and John Oates,differential Daryl Hall & John Oates,Adventure Daryl Hall and John Oates,the adventurer Daryl Hall and John Oates,did Venture Daryl Hall and John Oates,the adventure Daryl Hall & John Oates,differential Darryl Hall and John Oates,essential Darryl Hall and John Oates,Adventure Daryl Hall & John Oates,the adventurer Daryl Hall & John Oates,did Venture Daryl Hall & John Oates
ten
ultimateyes35thanniversarycollection,35th Anniversary Collection
10000hzlegend,10000 Hertz Legend,10000 hurts Legend,10000 thirds Legend,10000 Heards Legend,10,000 hurts Legend,10000 hurds Legend,10003 Legend,ten thousand hurts Legend,10000 herts Legend
areyougonnagomyway,are you going to go my way
oyeahultimateaerosmithhits,oh yeah,oh yeah over there,yeah over there,yeah,oh yeah Aerosmith hit,oh yeah Aerosmith,oh yeah there,oh yeah Aerosmith head,yeah there,oh yeah over their head,yeah over their head,oh yeah over there with head,yeah over there with head,yea,oh yeah they're,oh yeah their head,ya,yeah they're,oh yeah that's it,oh yeah head
thejohndenvercollectionvol1takemehomecountryroads,the John Denver collection volume 1 Take Me Home Country Road,did John Denver collection volume 1 Take Me Home Country Road,did John Denver collection vol 1 Take Me Home Country Road,the John Denver collection volume one Take Me Home Country Road,did John Denver collection volume one Take Me Home Country Road,the John Denver collection volume 1 Take Me Home Country Roads,did John Denver collection volume 1 Take Me Home Country Roads,did John Denver collection vol 1 Take Me Home Country Roads,the John Denver collection volume one Take Me Home Country Roads,did John Denver collection volume one Take Me Home Country Roads
bestofrigheiralemeilleurdesannees80,best of regera the mayor Denny's 80,best of regera the mayor Denny's ad,best of regera the mayor de antes 80,best of regera the mayor de Andy's 80,best of righeira the mayor Denny's 80,festive regera the mayor Denny's 80,best of regera the mayor Danny's 80,best of righeira the mayor de antes 80,best of regera the mayor day and is 80,best of regera the mayor day and he's 80,best of regera the mayor de Annie's 80,festive regera the mayor de antes 80,best of regueira the mayor Denny's 80,festive regera the mayor Denny's ad,best of regera the mayor de antes ad,best of regera the mayor Danny's ad,best of regera the mayor de Andy's ad,best of regueira the mayor Denny's ad,best of regera the mayor de Annie's ad
misangreinternationalversion,Nissan gray international version,Nissan grey international version,Mason gray international version,Mason grey international version,Miss Andre international version,masonry international version,Macy Gray international version,Mason Ray international version,meet Andre international version,me Sangre international version,Miss on Gray international version,meet on Gray international version,me Sunray international version,Macon Gray international version,Macon grey international version,Miss on Grey international version,meet on Grey international version,Miken gray international version,Maison gray international version,Nissan great international version
crisesdeluxeedition,crazy deluxe edition,Cressi deluxe edition,crazzy deluxe edition,Krazy deluxe edition,kreasi deluxe edition,Prezi deluxe edition,cressey deluxe edition,Cressy deluxe edition,Chrissy deluxe edition
paradascontinuas,product continuous,product continuum,Prada continuous,produkt continuous,product continual,product continue,product continuing
thegeniusofbuddyhollyvol1,The Genius of Buddy Holly,what's the genius of Buddy Holly,the genius did Buddy Holly,the genius Buddy Holly,The Genius of Buddy Holly I am,the genius it Buddy Holly,the genius good Buddy Holly,suggested Buddy Holly,the genius if Buddy Holly,what's a genius at Buddy Holly,The Genius of Buddy Holly are you,the genius at Buddy Holly,what's a genius if Buddy Holly,the genius that Buddy Holly,the genius and Buddy Holly,the genius is Buddy Holly,a genius at Buddy Holly,the genius did Buddy Holly died in,what's the genius did Buddy Holly,the Geniuses Buddy Holly
allermooiste
greatestphatsandsmall,grade basketball,Great Mall,great basketball,basketball,Bassett Mall,Bedford Mall,Branson Mall,braid basketball,Bedford MA,Fashion Mall,great Bedford Mall,great Fashion Mall,great Bedford MA,gray basketball,play basketball,grade Bedford Mall,Great and Small,great Bassett Mall,grey basketball,grade Bedford MA
welenga,whaling,wailing,willing,Willingham,Welling,swelling,welling up,waling,swelling up,Wailin,whaling up,whaling of,whaling a,wailing up,wailing of,willing up,wehling,swelling of,wailing a,willing a
knownobetterfeatquavo,know no better seat quavo,no no better seat quavo,no know better seat quavo,know no better seed quavo,know know better seat quavo,Nono better seat quavo,no no better seed quavo,know no better feed quavo,know no better seat cover,know no better seat corvo,know no better seat qorvo,nonno better sea