franshalsema19391984,Frans hals human 1939 - 1984,Frans hals human 1939 to 1984,Frans hals humit 1939 - 1984,Frans hals humid 1939 to 1984,Frans hals humit 1939 to 1984,Frans hals humid 1939 - 1984,Frans hals Hewitt 1939 - 1984,Frans hals Hewitt 1939 to 1984,Frans hals human 1939-1984,trance health human 1939 - 1984,trance human 1939 - 1984,trance health human 1939 to 1984,trance human 1939 to 1984,trance hell human 1939 - 1984,trance hell human 1939 to 1984,France health human 1939 - 1984,trance house human 1939 - 1984,trance Hal human 1939 - 1984,trance house human 1939 to 1984,France health human 1939 to 1984,trance Hal human 1939 to 1984,trance he'll human 1939 - 1984,trance he'll human 1939 to 1984,trance have human 1939 - 1984,trance have human 1939 to 1984,trance Hale human 1939 - 1984,trance Hale human 1939 to 1984,trance health human 1939 - 1984,trance human 1939 - 1984,trance health human 1939 to 1984,trance human 1939 to 1984,friends health human 1939 - 1984,trance hell human 1939 - 1984,friends health human 1939 to 1984,trance hell human 1939 to 1984,friends hell human 1939 - 1984,France health human 1939 - 1984,trance house human 1939 - 1984,trance Hal human 1939 - 1984,friends have human 1939 - 1984,trance house human 1939 to 1984,France health human 1939 to 1984,trance Hal human 1939 to 1984
novacancywithsebastinyatra,No Vacancy with Sebastian yatra,No Vacancy with Sebastian yatra,No Vacancy with Sebastian yatra
hitarchieftop2000vol4,top 2000 vol.4,top 2000 Vol 4,top 2000 Vol for,top 2000 Vol 4,top 2000 Volume 4,top two thousand Volume 4,top 2000 volume four,top mm Volume 4,top 2000 volume for,stop 2000 Volume 4,stop 2000 Vol 4,top two thousand volume four,top mm volume four,top two thousand Vol 4,top mm Vol 4,top 2000 Vol for,top mm volume for,Sturgis top 2000 Volume 4,top 2000 Vol 4,top 2000 Volume 4,top two thousand Volume 4,top 2000 volume four,top mm Volume 4,top 2000 volume for,stop 2000 Volume 4,stop 2000 Vol 4,top two thousand volume four,top mm volume four,top two thousand Vol 4,top mm Vol 4,top 2000 Vol for,top mm volume for,Sturgis top 2000 Volume 4
alexandriealexandraeve,alexandrie Alexandra,Alexandra Alexandra,alexandrie Alexandra,Alexandria Alexandria,Alexandra Alexandra,alexandrie Alexandra,Alexandria Alexandria
diegoeieouwetijdtop100,WWE top 100,WWE tijd top 100,WWE JD top 100,wwjd top 100,WWE did top 100,Daigo uwti JD top 100,WWE jada top 100,die gorio uwti JD top 100,doe uwti JD top 100,Daigo UWE top 100,Geico uwti JD top 100,die goryo uwti JD top 100,die goryeo uwti JD top 100,WWE top 100,WWE tijd top 100,WWE JD top 100,wwjd top 100,WWE did top 100,Daigo uwti JD top 100,Echo uwti JD top 100,WWE jada top 100,Daigo UWE top 100,die gorio uwti JD top 100,Echo UWE top 100,Geico uwti JD top 100,die gorio UWE top 100,die go UWE top 100,die go uwti JD top 100,Geico UWE top 100,tiger uwti JD top 100,WWE top 100,WWE tijd top 100,WWE JD top 100,wwjd top 100,WWE did top 100,Daigo uwti JD top 100,WWE jada top 100,Daigo UWE top 100,die gorio uwti JD top 100,Geico uwti JD top 100,die goryeo uwti JD top 100,WWE TIG top 100,die gorio UWE top 100,die go uwti JD top 100,die go UWE top 100,tiger uwti JD top 100,Geico UWE top 100
badandboujeefeatliluzivert,bad and boujee Lil Uzi vert,bad & boujee Lil Uzi vert,bad and boujee Lil Uzi vert,bad & boujee Lil Uzi vert,bad and boujee Lil Uzi vert,bad & boujee Lil Uzi vert
ispyfeatlilyachty,Lil yachty,Lil yatchy,Lil yachty,50 feet Lil yachty,Lil yatchy,fake Lil yachty,Lil yachty,Lil yatchy
sobreelamorysusefectossecundariosyunascuantascosasmsedicinespecial,sobre El Amor y sus efectos secundarios y unas cuantas cosas en Especial,sobre El Amor y sus efectos secundarios y y unas cuantas cosas en Especial,sobre El Amor y sus efectos secundarios y unas cuantas tazas en Especial,sobre El Amor y sus efectos secundarios y unas wanted a Tatiana special,sobre El Amor y sus efectos secundarios y unas cuantas tazas es en Especial,sobre El Amor y sus efectos secundarios y y unas cuantas tazas en Especial,sobre El Amor y sus efectos secundarios y unas wanted a Tatyana special,sobre El Amor y sus efectos secundarios y unas cuantas copas tiene special,sobre El Amor y sus efectos secundarios y y unas cuantas tazas es en Especial,sobre El Amor y sus efectos secundarios y y unas wanted a Tatiana special,sobre El Amor y sus efectos secundarios y y unas cuantas copas tiene special,sobre El Amor y sus efectos secundarios y y unas wanted a Tatyana special,sobre El Amor y sus efectos secundarios y unas wanted at at The Unofficial,sobre El Amor y efectos secundarios y unas cuantas cosas en Especial,sobre El Amor y sus efectos secundarios y unas cuantas tazas tiene special,sobre El Amor y efectos secundarios y y unas cuantas cosas en Especial,sobre El Amor y sus efectos secundarios y y unas wanted at at The Unofficial,sobre El Amor y sus efectos secundarios y y unas cuantas tazas tiene special,sobre El Amor y sus efectos secundarios y unas wanted to see an Especial,sobre El Amor y efectos secundarios y unas cuantas tazas en Especial,sobre El Amor y units wanted a Tatiana special,sobre El Amor y units wanted a Tatyana special,sobre El Amor y unit wanted a Tatiana special,sober La more y units wanted a Tatiana special,sober La more why units wanted a Tatiana special,sobre El Amor y Eunice wanted a Tatiana special,sobre El Amor why units wanted a Tatiana special,sobre lame or why units wanted a Tatiana special,sobre El Amor y unit wanted a Tatyana special,so brulee more why units wanted a Tatiana special,sobre El Amor y units wanted a Tatiyana special,sobre El Amor y Eunice wanted a Tatyana special,so brulee more y units wanted a Tatiana special,so Bradley Moore why units wanted a Tatiana special,sober a lame or why units wanted a Tatiana special,sobre El Amor y units wanted at at The Unofficial,so Bradley more why units wanted a Tatiana special,so Braille a more why units wanted a Tatiana special,sobre El Amor y units wanted at a Sienna special,sobre El Amor y units wanted a Tatiana special,sobre El Amor y units wanted a Tatyana special,sobre El Amor y unit wanted a Tatiana special,sober La more y units wanted a Tatiana special,sober La more why units wanted a Tatiana special,sobre El Amor y Eunice wanted a Tatiana special,sobre El Amor why units wanted a Tatiana special,sobre lame or why units wanted a Tatiana special,sobre El Amor y unit wanted a Tatyana special,so brulee more why units wanted a Tatiana special,sobre El Amor y units wanted a Tatiyana special,sobre El Amor y Eunice wanted a Tatyana special,so brulee more y units wanted a Tatiana special,so Bradley Moore why units wanted a Tatiana special,sober a lame or why units wanted a Tatiana special,sobre El Amor y units wanted at at The Unofficial,so Bradley more why units wanted a Tatiana special,so Braille a more why units wanted a Tatiana special,sobre El Amor y units wanted at a Sienna special
onthe6,on Deck,sex,contacts,unfixed,unstick,context,on fixed,on thick,text,on Stick,on fix,on sticks,contact,on text,on Tech,unpick,on sex,stick,on Deck,contacts,unfixed,unstick,context,on fixed,on thick,text,on Stick,on fix,on sticks,contact,on text,on Tech,unpick,pick,on sex,stick,on 6th,on Deck,contacts,unfixed,unstick,context,on fixed,on thick,text,on Stick,on fix,on sticks,contact,on text,on Tech,unpick,on sex,stick,on 6th,armstech
astateoftrancetop20januaryfebruary2017includingclassicbonustrack,State of Trance top 20 January February 2017 including classic bonus track,date of Trance top 20 January February 2017 including classic bonus track,fate of Trance top 20 January February 2017 including classic bonus track,State of Trance top 20 January February 2017 including classic bonus track,date of Trance top 20 January February 2017 including classic bonus track,fade of Trance top 20 January February 2017 including classic bonus track,State of Trance top twenty January February 2017 including classic bonus track,bait of Trance top 20 January February 2017 including classic bonus track,date of Trance top twenty January February 2017 including classic bonus track,State of Trance top 20 januari February 2017 including classic bonus track,State of Trance top 20 January February 2017 including classic bonus track,date of Trance top 20 January February 2017 including classic bonus track,fate of Trance top 20 January February 2017 including classic bonus track,the fate of Trance top 20 January February 2017 including classic bonus track
thedefinitive80seighties,definitive 80's,the definitive 80's,definitive 80s,the definitive 80s,the definitive 80s,the definitive eighties,the definitive ATS,the definitive 80's,the definitive 80,the definitive a tease,the definitive,the definitive ATM,the definitive 80s,the definitive eighties,the definitive 80's,the definitive ATS,the definitive 80,the definitive a tease,the definitive,the definitive ad,the definitive 80 s,the definitive ATM,the definitive a t s
