timesscar,time star,time *,time dar,X dar,time Starr,Tom star,Time start,X star,x r,what time star,X Darr,time's dar,turn star,X gar,time's are,time star,time *,time dar,time Starr,Time start,what time star,turn star,time gar,time Darr,time dark,time car,time dhar,thyme star,time door,time tar,time star,time *,time dar,times are,time Starr,times dar,Time start,what time star,times gar,time gar,time Darr,time dark,time car,times star,time star,time *,what time star,time dar,time Starr,thyme star,Tom star,Time start,timed our,timed are,turn star,Tyme star,times are,time gar,time Darr,X dar,what time start,Tom Starr
ifollowriverslivegielvara3fm,I follow Rivers live at deal Vera 3fm,I follow Rivers live at deal Vera 3 FM,I follow Rivers live at deal Vera Three FM,I follow Rivers live at deal Vara 3fm,I follow Rivers live a deal Vera 3fm,I follow Rivers live a deal Vera 3 FM,I follow Rivers live a deal Vera Three FM,I follow Rivers live at deal Vara 3 FM,I follow Rivers live at deal Vara Three FM,I follow Rivers live at deal Laura 3fm,I follow Rivers live at deal varra 3fm,I follow Rivers live at deal Vera 3fm,I follow Rivers live at deal Vera 3 FM,I follow Rivers live at deal Vera Three FM,I follow Rivers live at deal Vara 3fm,I follow Rivers live a deal Vera 3fm,I follow Rivers live a deal Vera 3 FM,I follow Rivers live a deal Vera Three FM,I follow Rivers live at deal Laura 3fm,I follow Rivers live at deal Vara 3 FM,I follow Rivers live at deal Vara Three FM,I follow Rivers live at deal varra 3fm,I follow Rivers live a deal Vara 3fm,I follow Rivers live at deal Laura 3 FM,I follow Rivers live at deal Vera 3fm,I follow Rivers live at deal Vera 3 FM,I follow Rivers live at deal Vera Three FM,I follow Rivers live at deal Vara 3fm,I follow Rivers live a deal Vera 3fm,I follow Rivers live a deal Vera 3 FM,I follow Rivers live a deal Vera Three FM,I follow Rivers live at deal Laura 3fm,I follow Rivers live at deal Vara 3 FM,I follow Rivers live at deal Vara Three FM,I follow Rivers live at deal varra 3fm,I follow Rivers live a deal Vara 3fm,I follow Rivers live at deal Vera 3fm,I follow Rivers live at deal Vera 3 FM,I follow Rivers live at deal Vera Three FM,I follow Rivers live at deal Vara 3fm,I follow Rivers live a deal Vera 3fm,I follow Rivers live a deal Vera 3 FM,I follow Rivers live a deal Vera Three FM,I follow Rivers live at deal Laura 3fm,I follow Rivers live at deal Vara 3 FM,I follow Rivers live at deal Vara Three FM,I follow Rivers live at deal varra 3fm,I follow Rivers live a deal Vara 3fm,I follow Rivers live at deal Laura 3 FM,I follow Rivers live at Deal varra 3 FM
novacancywithsebastinyatra,No Vacancy with Sebastian yatra,No Vacancy with Sebastian yatra,No Vacancy with Sebastian yatra,No Vacancy with Sebastian yatra
pagesfeathalieneatbsfestivalmix,Pages feed herion at Festival mix,Pages feed Hellion at Festival mix,Pages feed Harry and abs Festival mix,Pages feed paylean at Festival mix,Pages feed Hellion apps Festival mix,Pages feed herion apps Festival mix,Pages feed Haley and abs Festival mix,Pages feed Hellion ABS Festival mix,Pages feed Harian at Festival mix,Pages feed Harian apps Festival mix,Pages feed paylean apps Festival mix,Pages feed herion ABS Festival mix,Pages feed Harry and apps Festival mix,Pages feet Harian at Festival mix,Pages feed Haley and apps Festival mix,Pages feed Harian ABS Festival mix,Pages feed Helen apps Festival mix,Pages feet herion at Festival mix,Pages feet Hellion at Festival mix,Sage's feed Hellion at Festival mix,Sage's feed Harian at Festival mix,Sage's feed paylean at Festival mix,Sage's feed paylean at Festival Mick,Sage's feed herion at Festival mix,Sage's feed Harian apps Festival mix,Sage's feed Haley and abs Festival mix,Sage's feed Harry and abs Festival mix,Sage's feed Hellion apps Festival mix,stages feed paylean at Festival mix,stages feed paylean at Festival Mick,Sage's feed Hailey and abs Festival mix,stages feed Hellion at Festival mix,stages feed Haley and abs Festival mix,stages feed Hellion at Festival Mick,stages feed Harian apps Festival mix,stages feed Harry and abs Festival mix,stages feed Harian at Festival mix,Sage's feed paylean apps Festival mix,Sage's feed Hellion at Festival mix,Sage's feed Harian at Festival mix,Sage's feed paylean at Festival mix,Sage's feed Harian apps Festival mix,Sage's feed paylean at Festival Mick,Sage's feed herion at Festival mix,Sage's feed Haley and abs Festival mix,Sage's feed Harry and abs Festival mix,Sage's feed Hellion apps Festival mix,stages feed paylean at Festival mix,stages feed paylean at Festival Mick,Sage's feed Hailey and abs Festival mix,stages feed Haley and abs Festival mix,stages feed Hellion at Festival mix,stages feed Harian apps Festival mix,stages feed Harry and abs Festival mix,Sage's feed Hellion at Festival mix,Sage's feed Harian at Festival mix,Sage's feed paylean at Festival mix,Sage's feed paylean at Festival Mick,Sage's feed herion at Festival mix,Sage's feed Harian apps Festival mix,Sage's feed Haley and abs Festival mix,Sage's feed Harry and abs Festival mix,Sage's feed Hellion apps Festival mix,stages feed paylean at Festival mix,stages feed paylean at Festival Mick,Sage's feed Hailey and abs Festival mix,stages feed Hellion at Festival mix,stages feed Haley and abs Festival mix,stages feed Hellion at Festival Mick,stages feed Harian apps Festival mix,stages feed Harry and abs Festival mix,stages feed Harian at Festival mix,Sage's feed paylean apps Festival mix,stages feed Harian at Festival Mick
sanctuarymixcut,Sanctuary make cut,Sanctuary make that,Sanctuary make cat,Sanctuary make.,Sanctuary make Pat,Sanctuary make pet,Sanctuary make Kat,Sanctuary make Tut,Sanctuary make the cut,Sanctuary make Pad,Sanctuary make cut,Sanctuary make that,Sanctuary make cat,Sanctuary make.,Sanctuary make Pat,Sanctuary make pet,Sanctuary make Kat,Sanctuary make Tut,Sanctuary make the cut,Sanctuary make Pad,Sanctuary make gut,Sanctuary make Cod,Sanctuary Mick cut,Sanctuary Mick.,Sanctuary make a cut,Sanctuary make God,Sanctuary make a cat,Sanctuary make cut,Sanctuary make that,Sanctuary make cat,Sanctuary make.,Sanctuary make Pat,Sanctuary make pet,Sanctuary make Kat,Sanctuary make Tut,Sanctuary make the cut,Sanctuary make Pad,Sanctuary make gut,Sanctuary make Cod,Sanctuary Mick cut,Sanctuary Mick.,Sanctuary make a cut,Sanctuary make cut,Sanctuary make that,Sanctuary make cat,Sanctuary make.,Sanctuary make Pat,Sanctuary make pet,Sanctuary make Kat,Sanctuary make Tut,Sanctuary make the cut,Sanctuary make Pad,Sanctuary make gut,Sanctuary make Cod,Sanctuary Mick cut,Sanctuary Mick.,Sanctuary make a cut,Sanctuary make God,Sanctuary make a cat
latribudedana
adioslepido,dear Filipino,dear Le pido,dear to Le pido,dear lepito,a deer Filipino,dear lapito,adir Le pido,a deer Le pido,dear lapitoh,dear Lupino,a deer to Le pido,dear Pepito,adir Filipino,dear Philipino,dear Filippino,dear Phillipino,dear Papito,dear Philippino,a deer Filipino,dear Filipino,adir Filipino,adire Filipino,adir lepito,Adidas lepito,adir Le pido,a deer lepito,a deer Lupino,a dire Filipino,dire Filipino,dear lepito,a deer Philipino,Adair Filipino,a deer Le pido,adir Lupino,Adidas lapito,Adia Filipino,a Deere Filipino,a deer lapito,a deer Filipino,dear Filipino,adir Filipino,adire Filipino,adir lepito,Adidas lepito,adir Le pido,a deer lepito,a deer Lupino,a dire Filipino,dire Filipino,dear lepito,a deer Philipino,Adair Filipino,a deer Le pido,adir Lupino,Adidas lapito,Adia Filipino,a Deere Filipino,a deer Filipino,dear Filipino,adir Filipino,adire Filipino,adir lepito,Adidas lepito,adir Le pido,a deer lepito,a deer Lupino,a dire Filipino,dire Filipino,dear lepito,a deer Philipino,Adair Filipino,a deer Le pido,adir Lupino,Adidas lapito,Adia Filipino,a Deere Filipino,a deer lapito
ispyfeatlilyachty,Lil yachty,beat Lil yachty,feed Lil yachty,Lil yatchy,fake Lil yachty,Lil yachty,speed Lil yachty,fade Lil yachty,Earth Lil yachty,feed Lil yachty,Lil yatchy,Lil yachty,Lil yatchy,Lil yachty,Lil yatchy
moonlightshadowremastered2013,Moonlight Shadow,Moonlight Shadow remastered,Moonlight Shadow 13,Moonlight Shadow 14,Moonlight Shadow remaster,Moonlight Shadow,Moonlight Shadow remastered,Moonlight Shadow 13,Moonlight Shadow 14,Moonlight Shadow remaster,Moonlight Shadow,Moonlight Shadow remastered,Moonlight Shadow 13,Moonlight Shadow 14,Moonlight Shadow remaster,Moonlight Shadow,Moonlight Shadow remastered,Moonlight Shadow 13,Moonlight Shadow 14
leanonfeatmanddjsnake,lean on feat Mo and DJ Snake,lean on feat Mo and DJ make,lean on feat Mo and DJ Snake,green on feat Mo and DJ Snake,lean on feat Mo and DJ make,Queen on feat Mo and DJ Snake,green on feat Mo and DJ make,Queen on feat Mo and DJ make,lean on feat Mo and DJ Snake,green on feat Mo and DJ Snake,lean on feat Mo and DJ make,green on feat Mo and DJ make,lean on feat Mo and DJ Snake,lean on feat Mo and DJ make,rain on feat Mo and DJ Snake,green on feat Mo and DJ Snake,rain on feat Mo and DJ make,green on feat Mo and DJ make
alorsondanseradioedit,more I'm done radio edit,I'm done radio edit,or I'm done radio edit,where I'm done radio edit,why I'm done radio edit,more I'm done radio edit,I'm done radio edit,or I'm done radio edit,where I'm done radio edit,why I'm done radio edit
andereliga,dear leader,and dearly.,dear Liga,dearly.,and your leader,dear League,and dearly.,dear leader,dearly.,and dear leader,and your leader,deer leader,send dearly.,your leader,endear leader,to your leader,dearly,band dearly.,and dearly,in dear leader,end dearly.,and to your leader,dear Liga,send your leader,stand dearly.,send dear leader,and dearly.,dear leader,dearly.,and dear leader,and your leader,deer leader,an dear leader,your leader,endear leader,Andy early.,an dearly.,man dearly.,man dear leader,skin dearly.,dearly,and dearly,in dear leader,skin dear leader,dear Liga,deer Liga,and dearly.,dear leader,dearly.,stand dearly.,stand dear leader,and dear leader,and your leader,deer leader,stand deer leader,stand your leader,stand to your leader,endear leader,and deer leader,send dearly.,to your leader,dearly,band dearly.,and dearly,end dearly.,your leader
legustaelvacile,Magoo's Dale vacile,mcgoo's bail vacile,Magoo's Dale vassal,mcgoo's bail vassal,mcgoo's bail vassel,Magoo's tail vacile,Magoo's stale vacile,Magoo's Tale vacile,Le gusto vacile,Magoo's sale vacile,Magoo's fail vacile,Magoos Dale vassal,Magoos Dale vacile,mcgough's Dale vacile,mcgough's Dale vassal,Magoo's jail vacile,Magoo's Dayle vacile,mcgough's tail vacile,mcgoo's Dale vacile,Magoo stale vacile,Magoo's Dale vassal,mcgoo's bail vassal,Magoo's Dale vassell,mcgoo's bail vassel,mcgoo's bail vasel,Magoo's Dale vasel,Magoo's Dale vassel,Magoo's Dale vasil,Magoo's tail vassal,mcgoo's bail vassell,mcgoo's bail vasil,Magoo's Dale vasyl,mcgoo's bail vasyl,Magoo's tale vassal,Magoo's Dale vasal,Magoo's Dale vessel,Magoo's Dale vassall,Magoo's stale vassal,Magoo's tail vassel,mcgoo's bail vasal,Magoo's Dale vassal,mcgoo's bail vassal,Magoo's Dale vassell,mcgoo's bail vassel,mcgoo's bail vasel,Magoo's Dale vasel,Magoo's Dale vassel,Magoo's Dale vasil,Magoo's tail vassal,mcgoo's bail vassell,mcgoo's bail vasil,Magoo's Dale vasyl,mcgoo's bail vasyl,Magoo's tale vassal,Magoo's Dale vasal,Magoo's Dale vessel,Magoo's Dale vassall,Magoo's stale vassal,Magoo's tail vassel,mcgoo's bail vasal,Magoo's Dale vassal,mcgoo's bail vassal,Magoo's Dale vassell,mcgoo's bail vassel,mcgoo's bail vasel,Magoo's Dale vasel,Magoo's Dale vassel,Magoo's Dale vasil,Magoo's tail vassal,mcgoo's bail vassell,mcgoo's bail vasil,Magoo's Dale vasyl,mcgoo's bail vasyl,Magoo's tale vassal,Magoo's Dale vasal,Magoo's Dale vessel,Magoo's Dale vassall,Magoo's stale vassal,Magoo's tail vassel,mcgoo's bail vasal
tarzanboyoriginalhitversion,Tarzan Voice version,turn voice version,turn in Voice version,turn voice virgin,turn invoice virgin,turn it invoice virgin,turn it in Voice version,turn voice,turn voice Virgen,turn voice version,turn in Voice version,turn voice virgin,turn invoice virgin,turn it invoice virgin,turn it in Voice version,turn voice,turn voice Virgen,turn on Voice version,Tarzan Voice version,turn voice version,turn voice virgin,turn in Voice version,turn invoice virgin,turn it invoice virgin,turn-in Voice version,turns invoice virgin,turn voice,turn voice Virgen,turn on Voice version,Tarzan Voice version,turn voice version,turn voice virgin,turn in Voice version,turn invoice virgin,turn it invoice virgin,turn-in Voice version,turns invoice virgin,turn voice,turn voice Virgen,turn on Voice version
qudateconmigo,conmigo,que de conmigo,JJ's conmigo,que days conmigo,JJ conmigo,KJ conmigo,KJ's conmigo,que je conmigo,AJ conmigo,que date conmigo,AJ's conmigo,KDAY conmigo,kjzz conmigo,payday conmigo,que Jays conmigo,que DayZ conmigo,que day conmigo,que j'ai conmigo,conmigo,que de conmigo,que date conmigo,que Dave conmigo,qué date conmigo,fade conmigo,JJ's conmigo,faded conmigo,JDate conmigo,que days conmigo,JJ conmigo,KJ conmigo,que dates conmigo,KJ's conmigo,que je conmigo,AJ conmigo,fade 8 conmigo,que dice conmigo,Como amigo,conmigo,que je conmigo,que de conmigo,que date conmigo,que Dave conmigo,JJ's conmigo,Comin me go,Comin video,JDate conmigo,que days conmigo,que Jade conmigo,que Dade conmigo,JJ conmigo,KJ conmigo,que dates conmigo,KJ's conmigo,AJ conmigo,conmigo,JJ's conmigo,JJ conmigo,KJ conmigo,KJ's conmigo,AJ conmigo,Play Jake Owen video,JDate conmigo,AJ's conmigo,KDAY conmigo,kjzz conmigo,payday conmigo,k-days conmigo,AJ's Towing Mingo,Jade conmigo,Jake Owen video,AJ's Towing me go,Cade conmigo,cage conmigo,play conmigo
allsummerlong,Summer Long,Summer Long,Summer Long,Summer Long
kyrie,Terry,Carrie,cherry,Siri,Terri,Cary,carry,Kerry,Teri,Carey,Tarry,scary,cheery,Jerry,Keri,Kari,Gary,Sherry,terrie,Kerri,Terry,Carrie,cherry,Siri,Terri,Cary,carry,Kerry,Teri,Carey,Tarry,scary,cheery,Jerry,Keri,Kari,Gary,Sherry,terrie,Kerri,Carrie,Terry,cherry,Siri,Terri,Cary,carry,Kerry,Teri,Carey,scary,Jerry,carry,Terry,Carrie,cherry,Siri,Terri,Cary,Kerry,Teri,Carey,scary,Jerry
oxy
dueles,duet,duez,do as,do it,do is,do,do AZ,do s,do a,dual,duette,duel,do EV,do I,do eyes,duett,d'huez,duet,du as,duez,du,do as,du EZE,du is,nuez,du Ed,du s,do it,do is,do,du AZ,du has,d'huez,duet,duez,do as,do it,do is,do,nuez,do EZE,do AZ,do s,do a,dual,duette,duel,do EV,do I,d'huez,duet,duez,do as,nuez,do it,do is,dual,do AZ,duette,duel,do,duett,do a,U as,duets,do EV,do I,do eyes
hola
nadiems,lady Moss,lady Ma,lady moth,nadie Ma,ladymoss,lady Mar,lady Maud,lady mama,need a moth,lady Maude,need a ma,lady mAh,lady Moss,lady Ma,lady moth,ladymoss,lady Mar,lady Maud,lady mama,lady Maude,lady mAh,lady Moss,ladymoss,lady Ma,lady moth,lady Mar,lady Maud,need a moth,lady mama,needy Ma,lady Maude,need a ma,lady mAh,lady Moss,ladymoss,lady Ma,lady moth,Leigh DeMoss,lady Mar,lady Maud,need a moth,lady mama,Needham MA,needy Ma,lady Maude,need a ma,lady mAh
itsnotunusual2ndstudioversion,It's Not Unusual 2nd to do version,It's Not Unusual second video version,It's Not Unusual second to do version,It's Not Unusual 2nd video version,It's Not Unusual 2nd dutilleux version,It's Not Unusual second do to version,It's Not Unusual second dutilleux version,It's Not Unusual II video version,It's Not Unusual second Duty oh version,It's Not Unusual II to do version,It's Not Unusual II do to version,It's Not Unusual 2nd to do version,It's Not Unusual second video version,It's Not Unusual 2nd video version,It's Not Unusual second to do version,It's Not Unusual 2nd dutilleux version,It's Not Unusual second do to version,It's Not Unusual second dutilleux version,It's Not Unusual II video version,It's Not Unusual second Duty oh version,It's Not Unusual II to do version,It's Not Unusual II do to version,It's Not Unusual second Duty o version,It's Not Unusual second do do version,It's Not Unusual 2nd to do version,It's Not Unusual second video version,It's Not Unusual 2nd video version,It's Not Unusual second to do version,It's Not Unusual 2nd dutilleux version,It's Not Unusual second do to version,It's Not Unusual second dutilleux version,It's Not Unusual II video version,It's Not Unusual second Duty oh version,It's Not Unusual II to do version,It's Not Unusual II do to version,It's Not Unusual second Duty o version,It's Not Unusual second do do version,It's Not Unusual 2nd to do version,It's Not Unusual second video version,It's Not Unusual 2nd video version,It's Not Unusual second to do version,It's Not Unusual 2nd dutilleux version,It's Not Unusual second do to version,It's Not Unusual second dutilleux version,It's Not Unusual II video version,It's Not Unusual second Duty oh version,It's Not Unusual II to do version,It's Not Unusual II do to version,It's Not Unusual second Duty o version,It's Not Unusual second do do version
hastaquemedelaganaversinbalada,hasta que me de la Gana,hasta que me de lo Diner,hasta que me de lo Dana,hasta Q me de la Gana,hasta que me da la Gana,hasta que me de lo Diana,hasta que me de la dona,hasta que me de la Gana,de que me de la Gana,que me de la Gana,de que me da la Gana,que me da la Gana,hasta que me da la Gana,talk to me Dale Diner,de que me de lo Diner,back to que me de la Gana,talk to que me de la Gana,hasta que me de lo Diner,que me de lo Diner,actor que me de la Gana,de que me de lo Dana,hasta que me de lo Dana,de que me de lo Diana,talk to me Dale Diana,talk to me daily Diner,OCTA que me de la Gana,talk to que me da la Gana,hasta que me de la Gana,hasta que me da la Gana,hasta que me de lo Diner,hasta que me de lo Dana,hasta que me de lo Diana,hasta que me Dale Diner,hasta que me de load data,de que me da la Gana,hasta que me Dio Diner,hasta que me Dio data,hasta que me da la Gana virgin,de que me da la Gana virgin,hasta que me de la Gana,hasta que me da la Gana,hasta que me de lo Diner,up to que me de la Gana,hasta que me de lo Dana,actor que me de la Gana,OCTA que me de la Gana,up the que me de la Gana,takumi Dale Diner,doctor que me de la Gana,hasta que me de lo Diana,talk to me Dale Diner,to que me de la Gana,back to que me de la Gana,Dale Diner,hasta que me Dale Diner,talk to que me de la Gana,hasta que me de load data,up to que me da la Gana,off to que me de la Gana
badandboujeefeatliluzivert,bad and boujee Lil Uzi vert,bad & boujee Lil Uzi vert,bad and boujee Lil Uzi vert,bad & boujee Lil Uzi vert,bad and boujee Lil Uzi vert,bad & boujee Lil Uzi vert,bad and boujee Lil Uzi vert,bad & boujee Lil Uzi vert
flowerduetfromlakmeremasterisen1987,Flower Duet from Lakme tree masteries and 1987,Flower Duet from Lakme treemasters and 1987,Flower Duet from Lakme tree masteries a 1987,Flower Duet from Lakme tree Masters and 1987,Flower Duet from Lakme remasterisé and 1987,Flower Duet from Lakme tree Masters in 1987,Flower Duet from Lakme tree masteries + 1987,Flower Duet from Lakme remaster is a 1987,Flower Duet from Lakme remaster ease and 1987,Flower Duet from Lakme remaster is an 1987,Flower Duet from Lakme remaster is and 1987,Flower Duet from Lakme remasterisé in 1987,Flower Duet from Lakme remasterisé + 1987,Flower Duet from Lakme remasterisé a 1987,Flower Duet from Lakme remasterisé & 1987,Flower Duet from Lakme remasterisé an 1987,Flower Duet from Lakme tree masteries and 1987,Flower Duet from Lakme treemasters and 1987,Flower Duet from Lakme Tree masteries in 1987,Flower Duet from Lakme tree masteries a 1987,Flower Duet from Lakme tree Masters and 1987,Flower Duet from Lakme tree masteries + 1987,Flower Duet from Lakme tree masteries an 1987,Flower Duet from Lakme tree Masters in 1987,Flower Duet from Lakme Tree masteries & 1987,Flower Duet from Lakme remaster is a 1987,Flower Duet from Lakme tree masteries and 1987,Flower Duet from Lakme treemasters and 1987,Flower Duet from Lakme Tree masteries in 1987,Flower Duet from Lakme tree masteries a 1987,Flower Duet from Lakme tree Masters and 1987,Flower Duet from Lakme tree masteries + 1987,Flower Duet from Lakme tree masteries an 1987,Flower Duet from Lakme tree Masters in 1987,Flower Duet from Lakme Tree masteries & 1987,Flower Duet from Lakme remaster is a 1987,Flower Duet from Lakme Tri masteries and 1987,Flower Duet from Lakme remaster ease and 1987,Flower Duet from Lakme treemasters + 1987,Flower Duet from Lakme treemasters a 1987,Flower Duet from Lakme remaster is an 1987,Flower Duet from Lakme masteries and 1987,Flower Duet from Lakme tree masteries and 1987,Flower Duet from Lakme treemasters and 1987,Flower Duet from Lakme Tree masteries in 1987,Flower Duet from Lakme tree masteries a 1987,Flower Duet from Lakme tree Masters and 1987,Flower Duet from Lakme tree masteries + 1987,Flower Duet from Lakme tree masteries an 1987,Flower Duet from Lakme tree Masters in 1987,Flower Duet from Lakme Tree masteries & 1987,Flower Duet from Lakme remaster is a 1987,Flower Duet from Lakme Tri masteries and 1987,Flower Duet from Lakme remaster ease and 1987,Flower Duet from Lakme treemasters + 1987,Flower Duet from Lakme treemasters a 1987,Flower Duet from Lakme remaster is an 1987,Flower Duet from Lakme masteries and 1987
lavidamecambi,La Vida Me Cambio,Le Vida Me Cambio,La Veta me Cambio,La Vita me Cambio,La villita me Cambio,love you to me Cambio,love you too me Cambio,Lavida me Cambio,Lavita me Cambio,La Vida Me Cambio,La Veta me Cambio,La Vita me Cambio,La villita me Cambio,love you to me Cambio,love you too me Cambio,Lavida me Cambio,Lavita me Cambio,La Vida Me Cambio,La Veta me Cambio,La Vita me Cambio,La villita me Cambio,love you to me Cambio,love you too me Cambio,Lavida me Cambio,Lavita me Cambio,La Vida Me Cambio,La Veta me Cambio,love you to me Cambio,love you too me Cambio,La Vita me Cambio,La villita me Cambio,Lavida me Cambio,Lavita me Cambio,levita me Cambio,laveta me Cambio,love you 2 me Cambio,love you to meet Cambio,love you Tammy Cambio,lovida me Cambio,leveda me Cambio
rootsblasterjaxxradioedit,Rood blasterjaxx radio edit,blasterjaxx radio edit,blasterjaxx radio edit,blasterjaxx radio edit
onlyyourerecordedversion,only recorded version,only free recorded version,only we recorded version,only three recorded version,only be recorded version,only recorded versión,only three recorded versión,only recorded version,oh my recorded version,recorded version,only recorded version,only free recorded version,only we recorded version,only three recorded version,only be recorded version,only recorded version,only free recorded version,free recorded version,oh my recorded version,only be recorded version,only recorded virgin,recorded version
aymidios,eye media,my media,media,by media,our media,I media,buy media,a media,find media,dear,are media,armedia,bye media,find me dear,Army deer,me dear,find me deer,Miami deer,AI media,eye media,my media,media,by media,I media,find media,buy media,a media,are media,find me dear,bye media,find me deer,my media,media,by media,bye media,I media,buy media,a media,find media,Miami deer,Miami dear,are media,armedia,eye media,Miami DIA,find me dear,Miami dire,Miami Deere,my media,media,by media,I media,buy media,a media,find media,armedia,eye media,are media,bye media,find me dear,Army deer,me dear,mediu,find me deer,Miami deer,buy me dear,deer
lacolegiala,
reggaetnlentobailemos,reggaetón lento Bailey mode,reggaetón lento stay away mode,reggaetón lento Bailey most,reggaetón lento Slammers,reggaetón lento Bailey Moe's,reggaetón lento slam,reggaetón lento MO,reggaetón lento Bailey MOS,reggaetón lento stay away most,reggaetón lento Bay limo,reggaetón lento Bailey,reggaetón lento Bay Lane,reggaetón lento name,reggaetón lento Slammer,reggaetón lento a mode,reggaetón lento Bayliner,reggaetón lento Staley most,reggaetón lento emos,reggaetón lento Imo's,reggaetón lento Bailey MO,reggae Townline Thursday Lemos,reggae till 9 Thursday Lemos,reggae timeline Thursday Lemos,reggae Town Line Thursday Lemos,reggae Townline Thursday limos,reggae tone line Thursday Lemos,reggaeton line Thursday Lemos,reggae 2 online Thursday Lemos,reggae Townline Thursday away mode,reggae Townline Thursday Lambo,reggae Townline Thursday Lane,reggae Townline Thursday Lambos,reggae to online Thursday Lemos,reggae Townline Thursday lamo,reggae tell online Thursday Lemos,reggae timeline Thursday limos,reggaeton lento bailemos,reggaeton lanterns bailemos,reggaeton line Thursday Lemos,reggaeton lento Bay Lemos,reggaeton Lantern's bailemos,reggaeton lions bailemos,reggaeton lion Thursday Lemos,reggae Townline Thursday Lemos,reggaeton lento Lemos,reggaeton lento Bailey mode,reggaeton lento stay away mode,reggaeton line Thursday limos,reggaeton lento stay Lemos,reggaeton line Thursday away mode,reggae timeline Thursday Lemos,reggae Town Line Thursday Lemos,reggaeton lento,reggaeton lento Bailey most,reggaeton line Thursday lame-o,reggaeton lento limos,reggaetón lento bailemos,reggaetón lento Bay Lemos,reggaetón lento Lemos,reggaetón lento Stamos,reggaetón lento Bailey mode,reggaetón lento stay away mode,reggaetón lento stay Lemos,reggaetón lento limos,reggaetón lento Slammers,reggaetón lento Bailey most,reggaetón lento steel ammo,reggaetón lento MO
allwashout,wash out,washout,watch out,I wash out,La Shout,Lush out,rush out,I watch out,who wash out,walk out,a shout,me watch out,washout,wash out,watch out,La Shout,I wash out,out,washed out,rush out,I watch out,who wash out,a shout,me watch out,who watch out,washout,wash out,watch out,ooh washout,ooh wash out,ooh watch out,La Shout,I wash out,out,washed out,rush out,I watch out,who wash out,walk out,a shout,ooh la Shout,me watch out,who watch out,Moi Shout,washout,wash out,watch out,I wash out,Moi shout out
symphonyno9indminorop125choralivprestoallegroassaiodetojoy,Symphony No 9 in D Minor 125 choral IV Presto Allegro assai Ode to Joy,Symphony No 9 in D Minor 125 Coral IV Presto Allegro assai Ode to Joy,Symphony No 9 in D Minor 125 for IV Presto Allegro assai Ode to Joy,Symphony No 9 in D Minor 125 Toro IV Presto Allegro assai Ode to Joy,Symphony No 9 in D Minor 125 pro IV Presto Allegro assai Ode to Joy,Symphony No 9 in D Minor 125 4 IV Presto Allegro assai Ode to Joy,Symphony No 9 in D Minor 125 Coro IV Presto Allegro assai Ode to Joy,Symphony No 9 in D Minor 125 405 Presto Allegro assai Ode to Joy,Symphony No 9 in D Minor 125 405e Presto Allegro assai Ode to Joy,Symphony No 9 in D Minor 125 Presto Allegro assai Ode to Joy,Symphony No 9 in D Minor 125 405 e Presto Allegro assai Ode to Joy,Symphony No 9 in D Minor 125 Coral IV Presto Allegro assai Ode to Joy,Symphony 9 in D Minor 125 405 Presto Allegro assai Ode to Joy,Symphony No 9 in D Minor 125 4:05 Presto Allegro assai Ode to Joy,Symphony No 9 in D Minor Opus 125 405 Presto Allegro assai Ode to Joy,Symphony No 9 in D Minor 125 45 Presto Allegro assai Ode to Joy,Symphony No 9 in D Minor 125 for IV Presto Allegro assai Ode to Joy,Symphony No 9 in D Minor 125. 405 Presto Allegro assai Ode to Joy,Symphony No 9 in D Minor 125.5 Presto Allegro assai Ode to Joy,Symphony No 9 in D Minor 125 for 05 Presto Allegro assai Ode to Joy,Symphony 9 in D Minor 125 405e Presto Allegro assai Ode to Joy,Symphony 9 in D Minor 125 Presto Allegro assai Ode to Joy,Symphony No 9 in D Minor 125 405 Presto Allegro assai Ode to Joy,Symphony No 9 in D Minor 125 405e Presto Allegro assai Ode to Joy,Symphony No 9 in D Minor 125 Presto Allegro assai Ode to Joy,Symphony No 9 in D Minor 125 405 e Presto Allegro assai Ode to Joy,Symphony 9 in D Minor 125 405 Presto Allegro assai Ode to Joy,Symphony No 9 in D Minor 125 4:05 Presto Allegro assai Ode to Joy,Symphony No 9 in D Minor Opus 125 405 Presto Allegro assai Ode to Joy,Symphony No 9 in D Minor 125 45 Presto Allegro assai Ode to Joy,Symphony No 9 in D Minor 125. 405 Presto Allegro assai Ode to Joy,Symphony No 9 in D Minor 125.5 Presto Allegro assai Ode to Joy,Symphony No 9 in D Minor 125 for 05 Presto Allegro assai Ode to Joy,Symphony 9 in D Minor 125 405e Presto Allegro assai Ode to Joy,Symphony 9 in D Minor 125 Presto Allegro assai Ode to Joy,Symphony No 9 in D Minor 125 405 Presto Allegro assai Ode to Joy,Symphony No 9 in D Minor 125 405e Presto Allegro assai Ode to Joy,Symphony No 9 in D Minor 125 Presto Allegro assai Ode to Joy,Symphony No 9 in D Minor 125 405 e Presto Allegro assai Ode to Joy,Symphony 9 in D Minor 125 405 Presto Allegro assai Ode to Joy,Symphony No 9 in D Minor 125 4:05 Presto Allegro assai Ode to Joy,Symphony No 9 in D Minor Opus 125 405 Presto Allegro assai Ode to Joy,Symphony No 9 in D Minor 125 45 Presto Allegro assai Ode to Joy,Symphony No 9 in D Minor 125. 405 Presto Allegro assai Ode to Joy,Symphony No 9 in D Minor 125.5 Presto Allegro assai Ode to Joy,Symphony No 9 in D Minor 125 for 05 Presto Allegro assai Ode to Joy,Symphony 9 in D Minor 125 405e Presto Allegro assai Ode to Joy,Symphony 9 in D Minor 125 Presto Allegro assai Ode to Joy,Symphony No nine in D Minor 125 405 Presto Allegro assai Ode to Joy,Symphony No 9 in D Minor 125 Row IV Presto Allegro assai Ode to Joy
timetosaygoodbyecontepartir,Time to Say Goodbye con te partiro,Time to Say Goodbye Conte partiro,Time to Say Goodbye con te partiro,Time to Say Goodbye Conte partiro,Time to Say Goodbye con te partiro,Time to Say Goodbye Conte partiro,Time to Say Goodbye con te partiro,Time to Say Goodbye Conte partiro,what time to say goodbye Conte partiro
whenthegoinggetstoughthetoughgetgoing,when it going gets tough the tough gets going,when it going gets tough the tough get going,want to going gets tough the tough gets going,want to going gets tough the tough get going,want to go and get tough the tough gets going,want to go and get tough the tough get going,run it going gets tough the tough gets going,one it going gets tough the tough gets going,run it going gets tough the tough get going,Len it going gets tough the tough gets going,one it going gets tough the tough get going,Len it going gets tough the tough get going,want to go and get tough the tough gets going,want to go and get tough the tough get going,want to go on get tough the tough gets going,want to go on get tough the tough get going,when it go and get tough the tough gets going,when it go and get tough the tough get going,when it go on get tough the tough gets going,when it go on get tough the tough get going,want to go and get tough the tough gets going,want to go and get tough the tough get going,when it go and get tough the tough gets going,when it go and get tough the tough get going,want to go on get tough the tough gets going,want to go on get tough the tough get going,when it go on get tough the tough gets going,when it go on get tough the tough get going,want to go and get tough the tough gets going,want to go and get tough the tough get going,wanna go and get tough the tough gets going,wanna go and get tough the tough get going,want to go on get tough the tough gets going,want to go on get tough the tough get going,when it go and get tough the tough gets going,when it go and get tough the tough get going,wanna go on get tough the tough gets going,wanna go on get tough the tough get going
bilame,báilame,bailamos,my alarm,my alarm,alarm,buy alarm,my alarm,bye alarm,Bailando,alarm,buy alarm,by alarm,my alarm,alarm,buy alarm
bonvoyage,voyage,turn voyage,Sun voyage,turn voyage,voyage,ton voyage,on voyage,Don voyage,don't voyage,Voya,Stone voyage,John voyage,dog voyage,turn on voyage,Sun Voyager,stop voyage,turn Voya,the voyage,stun voyage,fun voyage,tone voyage,Sun voyage,tone voyage,voyage,ton voyage,turn voyage,Don voyage,don't voyage,Voya,Stone voyage,John voyage,dog voyage,Sun Voyager,tone Voya,the voyage,stun voyage,done voyage,turn on voyage,voyage,ton voyage,turn voyage,Sun voyage,Don voyage,don't voyage,bone voyage,Voya,Stone voyage,John voyage,dog voyage,on voyage,down voyage,gun voyage,the voyage,stun voyage,phone voyage,Stern voyage,fun voyage
overdemuur,over,over Denver,over dinner,over De Mer,over tomorrow,over dimmer,over de,Overton,over,over Denver,over dinner,over tomorrow,over dimmer,Overton
pelearnosunraticoreggaetonversion,Salerno's on radecke,Salerno's on Reddick,Salerno's on Redick,Salerno's on raddick,Salerno's on radek,Salerno's on ratico,Salerno's on radic,tell her nose done radic,tell her nose done raddick,tell her nose done radek,Salerno's gun radic,tell her nose done ratico,Salerno's Dunn radic,Salerno's gun radek,tell her nose done radecke,Salerno's gun raddick,tell her nose done Reddick,tell her nose done Redick,Salerno's Dunn raddick,Salerno's Dunn Reddick,Salerno's on radecke reggaeton version,Salerno's done radic reggaeton version,Salerno's on radic reggaeton version,Salerno's on radek reggaeton version,Salerno's on Reddick reggaeton version,Salerno's on raddick reggaeton version,Salerno's Dunn radic reggaeton version,Salerno's gun radic reggaeton version,Salerno's done radek reggaeton version,Salerno's on radick reggaeton version,Salerno's done raddick reggaeton version,Salerno's on radich reggaeton version,Salerno's done radecke reggaeton version,tell her nose done radic reggaeton version,Salerno's then radic reggaeton version,Salerno's on radecke,Salerno's on Reddick,Salerno's on Redick,Salerno's on raddick,Salerno's on radek,Salerno's on ratico,Salerno's done radic,Salerno's on radic,Salerno's done radek,Salerno's done raddick,Salerno's gun radic,Salerno's done radecke,Salerno's Dunn radic,Salerno's done Reddick,Salerno's gun raddick,Salerno's done Redick,Salerno's Dunn raddick,tell her nose done radic,Salerno's gun Reddick,Salerno's Dunn Redick,Salerno's on radecke reggaetón version,Salerno's on radek reggaetón version,Salerno's on raddick reggaetón version,Salerno's on radic reggaetón version,Salerno's done radic reggaetón version,Salerno's on radick reggaetón version,Salerno's on radich reggaetón version,Salerno's on Reddick reggaetón version,Salerno's done radek reggaetón version,Salerno's done raddick reggaetón version,Salerno's on Redick reggaetón version,Salerno's gun radic reggaetón version,Salerno's Dunn radic reggaetón version,Salerno's done radick reggaetón version,Salerno's gun radek reggaetón version,Salerno's done radich reggaetón version,Salerno's Dunn radek reggaetón version,Salerno's on ratok reggaetón version,Salerno's done radecke reggaetón version,Salerno's on radik reggaetón version
zwartwit,work wit,work with,twit,forthwith,work Witt,word wit,quit,first wit,for twit,words with,bracelet,birth wit,birth Witt,work Whit,first Witt,work,worth wit,first wit,twit,Earth wit,forthwith,first Witt,work wit,word wit,quit,words with,bracelet,birth wit,birth Witt,first Whit,worth it,birth with,great wit,first Whitt,Earth with,work wit,work with,twit,forthwith,work Witt,word wit,quit,first wit,for twit,words with,bracelet,birth wit,birth Witt,work Whit,first Witt,work,worth wit,Bridge wit,twit,forthwith,work wit,word wit,quit,first wit,words with,bracelet,birth wit,birth Witt,worth it,birth with,burkwit,first Witt,work with,bird wit,bird with,words wit,birth Whit,where's Witt
islandinthesun,Island,Island it,Island Inn,Linden,Island in,Lindon,Island Air,eye Linden,Lyndon,Lynden,Island at,Linden,calendar,AI Linden,AI London,eye London,Island,Lindon,eye Linden,Lyndon,Lynden,I'll end it,London,AI Lyndon,Island it,I Linden,I lended,Linden,Island,Lindon,Lyndon,Lynden,London,Island it,I lended,Island Inn,Glyndon,Islander,I'll end it,Linda,a Linden,Thailand,Island in,calendar,Landon,I landed,Linden,Island,Lindon,Lyndon,Lynden,London,Island it,I lended,Island Inn,Glyndon,Islander,I'll end it,Linda,a Linden,Thailand,Island in,calendar,Landon,I landed
felicit,Felicity,solicitor,felissa,Alaska,soliciting,Alyssa,velocity,Felicity,solicitor,felissa,Alaska,soliciting,Alyssa,velocity,Felicity,solicitor,forca,felissa,Alaska,soliciting,Alyssa,velocity,Felicity,solicitor,felissa,Alaska,soliciting,Alyssa,velocity
